run_id,experimento,hipotese,dataset,usuario,split,braco,variante,criterio,decoder,decoder_paper,bloco,orcamento,seed,imagens,marker_origem,fb,dice,iou,mae,fb_val,colapsou,segundos,git_commit,config_hash,esquema_origem,fonte,linha_origem,registrado_em,segundos_treino,segundos_aval,orcamento_px
c09ec40b24f20316,ganho_marginal,UNKNOWN,schisto,UNKNOWN,UNKNOWN,flim,base|k=156-153-144-144,base,labeled_marker,FLIM_lm,2,3,0,000300|000455|000427,sintetico,0.391043,0.31638,0.228886,0.0219373,,UNKNOWN,10.14,59689e2a0ac7-sujo,UNKNOWN,UNKNOWN,ganho_marginal/pool40/val40/criterio,UNKNOWN,2026-10-06T18:49:13+00:00,10.14,,0
9beb81b716a89417,ganho_marginal,UNKNOWN,schisto,UNKNOWN,UNKNOWN,flim,base|k=156-153-144-144,base,decoder_2,FLIM_pb,2,3,0,000300|000455|000427,sintetico,0.545916,0.541598,0.417557,0.024552,,UNKNOWN,10.14,59689e2a0ac7-sujo,UNKNOWN,UNKNOWN,ganho_marginal/pool40/val40/criterio,UNKNOWN,2026-10-06T18:49:14+00:00,10.14,,0
2b7ca6536eb9ca78,ganho_marginal,UNKNOWN,schisto,UNKNOWN,UNKNOWN,flim,base|k=162-159-147-147,base,labeled_marker,FLIM_lm,2,3,5,000256|000204|000279,sintetico,0.609059,0.515836,0.395222,0.0163541,,UNKNOWN,10.6,59689e2a0ac7-sujo,UNKNOWN,UNKNOWN,ganho_marginal/pool40/val40/criterio,UNKNOWN,2026-10-06T18:49:14+00:00,10.6,,0
9fa24b457346a5db,ganho_marginal,UNKNOWN,schisto,UNKNOWN,UNKNOWN,flim,base|k=162-159-147-147,base,decoder_2,FLIM_pb,2,3,5,000256|000204|000279,sintetico,0.511169,0.53812,0.399975,0.0320498,,UNKNOWN,10.6,59689e2a0ac7-sujo,UNKNOWN,UNKNOWN,ganho_marginal/pool40/val40/criterio,UNKNOWN,2026-10-06T18:49:14+00:00,10.6,,0
725655db0f6e42c8,ganho_marginal,UNKNOWN,schisto,UNKNOWN,UNKNOWN,al,regiao|argmax_entropia|objeto|ent=0.529052|lc=0.512385|fg=1.000000|pm=0.617480|k=200-151-144-144|000279#60,argmax_entropia,labeled_marker,FLIM_lm,2,3,5,000256|000204|000279,sintetico,0.529984,0.456773,0.352126,0.0184617,,UNKNOWN,7.11,59689e2a0ac7-sujo,UNKNOWN,UNKNOWN,ganho_marginal/pool40/val40/criterio,UNKNOWN,2026-10-06T18:50:16+00:00,7.11,,300
5bd8e9f499e44f87,ganho_marginal,UNKNOWN,schisto,UNKNOWN,UNKNOWN,al,regiao|argmax_entropia|objeto|ent=0.529052|lc=0.512385|fg=1.000000|pm=0.617480|k=200-151-144-144|000279#60,argmax_entropia,decoder_2,FLIM_pb,2,3,5,000256|000204|000279,sintetico,0.467145,0.489519,0.348168,0.0379958,,UNKNOWN,7.11,59689e2a0ac7-sujo,UNKNOWN,UNKNOWN,ganho_marginal/pool40/val40/criterio,UNKNOWN,2026-10-06T18:50:16+00:00,7.11,,300
ca847b8fce93aad7,ganho_marginal,UNKNOWN,schisto,UNKNOWN,UNKNOWN,al,regiao|argmax_entropia|fundo|ent=0.430446|lc=0.430739|fg=0.000000|pm=0.527990|k=200-158-147-147|000300#3,argmax_entropia,labeled_marker,FLIM_lm,2,3,0,000300|000455|000427,sintetico,0.507764,0.479976,0.361147,0.0256303,,UNKNOWN,7.12,59689e2a0ac7-sujo,UNKNOWN,UNKNOWN,ganho_marginal/pool40/val40/criterio,UNKNOWN,2026-10-06T18:50:16+00:00,7.12,,300
bafa28695edbd9a8,ganho_marginal,UNKNOWN,schisto,UNKNOWN,UNKNOWN,al,regiao|argmax_entropia|fundo|ent=0.430446|lc=0.430739|fg=0.000000|pm=0.527990|k=200-158-147-147|000300#3,argmax_entropia,decoder_2,FLIM_pb,2,3,0,000300|000455|000427,sintetico,0.429633,0.451185,0.322722,0.0375981,,UNKNOWN,7.12,59689e2a0ac7-sujo,UNKNOWN,UNKNOWN,ganho_marginal/pool40/val40/criterio,UNKNOWN,2026-10-06T18:50:16+00:00,7.12,,300
d7c35cb4200afe13,ganho_marginal,UNKNOWN,schisto,UNKNOWN,UNKNOWN,al,regiao|argmax_lc|objeto|ent=0.499604|lc=0.598694|fg=1.000000|pm=0.336782|k=200-153-141-141|000256#88,argmax_lc,labeled_marker,FLIM_lm,2,3,5,000256|000204|000279,sintetico,0.678713,0.597925,0.47139,0.0155852,,UNKNOWN,7.39,59689e2a0ac7-sujo,UNKNOWN,UNKNOWN,ganho_marginal/pool40/val40/criterio,UNKNOWN,2026-10-06T18:51:20+00:00,7.39,,300
d22d867121de83b3,ganho_marginal,UNKNOWN,schisto,UNKNOWN,UNKNOWN,al,regiao|argmax_lc|objeto|ent=0.499604|lc=0.598694|fg=1.000000|pm=0.336782|k=200-153-141-141|000256#88,argmax_lc,decoder_2,FLIM_pb,2,3,5,000256|000204|000279,sintetico,0.494081,0.520132,0.379111,0.0338025,,UNKNOWN,7.39,59689e2a0ac7-sujo,UNKNOWN,UNKNOWN,ganho_marginal/pool40/val40/criterio,UNKNOWN,2026-10-06T18:51:20+00:00,7.39,,300
0ddf528d31a8be20,ganho_marginal,UNKNOWN,schisto,UNKNOWN,UNKNOWN,al,regiao|argmax_lc|fundo|ent=0.417039|lc=0.444331|fg=0.000000|pm=0.323652|k=200-156-144-144|000300#4,argmax_lc,labeled_marker,FLIM_lm,2,3,0,000300|000455|000427,sintetico,0.549393,0.518714,0.395538,0.0248805,,UNKNOWN,7.85,59689e2a0ac7-sujo,UNKNOWN,UNKNOWN,ganho_marginal/pool40/val40/criterio,UNKNOWN,2026-10-06T18:51:20+00:00,7.85,,300
167c8bcf76cdd1a0,ganho_marginal,UNKNOWN,schisto,UNKNOWN,UNKNOWN,al,regiao|argmax_lc|fundo|ent=0.417039|lc=0.444331|fg=0.000000|pm=0.323652|k=200-156-144-144|000300#4,argmax_lc,decoder_2,FLIM_pb,2,3,0,000300|000455|000427,sintetico,0.467836,0.484168,0.356892,0.0361466,,UNKNOWN,7.85,59689e2a0ac7-sujo,UNKNOWN,UNKNOWN,ganho_marginal/pool40/val40/criterio,UNKNOWN,2026-10-06T18:51:20+00:00,7.85,,300
8590ab28ce9e7a2d,ganho_marginal,UNKNOWN,schisto,UNKNOWN,UNKNOWN,al,regiao|argmax_prob|objeto|ent=0.474872|lc=0.453560|fg=1.000000|pm=0.692717|k=200-157-144-144|000204#115,argmax_prob,labeled_marker,FLIM_lm,2,3,5,000256|000204|000279,sintetico,0.621415,0.57934,0.450755,0.0195875,,UNKNOWN,8.21,59689e2a0ac7-sujo,UNKNOWN,UNKNOWN,ganho_marginal/pool40/val40/criterio,UNKNOWN,2026-10-06T18:52:24+00:00,8.21,,300
7f58851d9069d3a9,ganho_marginal,UNKNOWN,schisto,UNKNOWN,UNKNOWN,al,regiao|argmax_prob|objeto|ent=0.474872|lc=0.453560|fg=1.000000|pm=0.692717|k=200-157-144-144|000204#115,argmax_prob,decoder_2,FLIM_pb,2,3,5,000256|000204|000279,sintetico,0.519059,0.521622,0.393693,0.029782,,UNKNOWN,8.21,59689e2a0ac7-sujo,UNKNOWN,UNKNOWN,ganho_marginal/pool40/val40/criterio,UNKNOWN,2026-10-06T18:52:25+00:00,8.21,,300
e5410cbf9f95d142,ganho_marginal,UNKNOWN,schisto,UNKNOWN,UNKNOWN,al,regiao|argmax_prob|objeto|ent=0.341634|lc=0.246479|fg=1.000000|pm=0.868712|k=200-153-138-138|000427#31,argmax_prob,labeled_marker,FLIM_lm,2,3,0,000300|000455|000427,sintetico,0.442296,0.399132,0.302651,0.0253889,,UNKNOWN,8.02,59689e2a0ac7-sujo,UNKNOWN,UNKNOWN,ganho_marginal/pool40/val40/criterio,UNKNOWN,2026-10-06T18:52:25+00:00,8.02,,300
eaae12a39db42cad,ganho_marginal,UNKNOWN,schisto,UNKNOWN,UNKNOWN,al,regiao|argmax_prob|objeto|ent=0.341634|lc=0.246479|fg=1.000000|pm=0.868712|k=200-153-138-138|000427#31,argmax_prob,decoder_2,FLIM_pb,2,3,0,000300|000455|000427,sintetico,0.497189,0.491359,0.367572,0.0290455,,UNKNOWN,8.02,59689e2a0ac7-sujo,UNKNOWN,UNKNOWN,ganho_marginal/pool40/val40/criterio,UNKNOWN,2026-10-06T18:52:25+00:00,8.02,,300
25d6c1071563b858,ganho_marginal,UNKNOWN,schisto,UNKNOWN,UNKNOWN,al,regiao|sorteado|objeto|ent=0.000015|lc=0.000002|fg=0.192000|pm=0.000001|k=200-159-144-144|000427#23,sorteado,labeled_marker,FLIM_lm,2,3,0,000300|000455|000427,sintetico,0.283931,0.223558,0.161595,0.0216947,,UNKNOWN,7.58,6c26968d625a-sujo,UNKNOWN,UNKNOWN,ganho_marginal/pool40/val40/criterio,UNKNOWN,2026-10-06T18:53:30+00:00,7.58,,300
d2a67a1fa973c79e,ganho_marginal,UNKNOWN,schisto,UNKNOWN,UNKNOWN,al,regiao|sorteado|objeto|ent=0.000015|lc=0.000002|fg=0.192000|pm=0.000001|k=200-159-144-144|000427#23,sorteado,decoder_2,FLIM_pb,2,3,0,000300|000455|000427,sintetico,0.62122,0.595887,0.476295,0.0202777,,UNKNOWN,7.58,6c26968d625a-sujo,UNKNOWN,UNKNOWN,ganho_marginal/pool40/val40/criterio,UNKNOWN,2026-10-06T18:53:30+00:00,7.58,,300
bb1b649cb5ac360f,ganho_marginal,UNKNOWN,schisto,UNKNOWN,UNKNOWN,al,regiao|sorteado|objeto|ent=0.003326|lc=0.001660|fg=0.008723|pm=0.000830|k=200-177-150-150|000279#49,sorteado,labeled_marker,FLIM_lm,2,3,5,000256|000204|000279,sintetico,0.67409,0.585479,0.456266,0.0156073,,UNKNOWN,8.08,6c26968d625a-sujo,UNKNOWN,UNKNOWN,ganho_marginal/pool40/val40/criterio,UNKNOWN,2026-10-06T18:53:31+00:00,8.08,,300
93da6f69c0e05fb7,ganho_marginal,UNKNOWN,schisto,UNKNOWN,UNKNOWN,al,regiao|sorteado|objeto|ent=0.003326|lc=0.001660|fg=0.008723|pm=0.000830|k=200-177-150-150|000279#49,sorteado,decoder_2,FLIM_pb,2,3,5,000256|000204|000279,sintetico,0.609614,0.611626,0.4797,0.0252753,,UNKNOWN,8.08,6c26968d625a-sujo,UNKNOWN,UNKNOWN,ganho_marginal/pool40/val40/criterio,UNKNOWN,2026-10-06T18:53:31+00:00,8.08,,300
03f68fcaf8ebd844,ganho_marginal,UNKNOWN,schisto,UNKNOWN,UNKNOWN,al,regiao|sorteado|objeto|ent=0.003904|lc=0.002498|fg=0.961728|pm=0.001249|k=200-156-144-144|000300#62,sorteado,labeled_marker,FLIM_lm,2,3,0,000300|000455|000427,sintetico,0.573528,0.522616,0.402037,0.0199516,,UNKNOWN,7.12,6c26968d625a-sujo,UNKNOWN,UNKNOWN,ganho_marginal/pool40/val40/criterio,UNKNOWN,2026-10-06T18:54:29+00:00,7.12,,300
c2fde4edc9bd6774,ganho_marginal,UNKNOWN,schisto,UNKNOWN,UNKNOWN,al,regiao|sorteado|objeto|ent=0.003904|lc=0.002498|fg=0.961728|pm=0.001249|k=200-156-144-144|000300#62,sorteado,decoder_2,FLIM_pb,2,3,0,000300|000455|000427,sintetico,0.528862,0.546317,0.405484,0.0321236,,UNKNOWN,7.12,6c26968d625a-sujo,UNKNOWN,UNKNOWN,ganho_marginal/pool40/val40/criterio,UNKNOWN,2026-10-06T18:54:29+00:00,7.12,,300
fd667eef7665b854,ganho_marginal,UNKNOWN,schisto,UNKNOWN,UNKNOWN,al,regiao|sorteado|objeto|ent=0.000015|lc=0.000002|fg=0.028279|pm=0.000001|k=200-198-144-144|000256#64,sorteado,labeled_marker,FLIM_lm,2,3,5,000256|000204|000279,sintetico,0.245497,0.186,0.130024,0.0220778,,UNKNOWN,8.55,6c26968d625a-sujo,UNKNOWN,UNKNOWN,ganho_marginal/pool40/val40/criterio,UNKNOWN,2026-10-06T18:54:34+00:00,8.55,,300
b6230353497cf26f,ganho_marginal,UNKNOWN,schisto,UNKNOWN,UNKNOWN,al,regiao|sorteado|objeto|ent=0.000015|lc=0.000002|fg=0.028279|pm=0.000001|k=200-198-144-144|000256#64,sorteado,decoder_2,FLIM_pb,2,3,5,000256|000204|000279,sintetico,0.421298,0.454382,0.326425,0.0391647,,UNKNOWN,8.55,6c26968d625a-sujo,UNKNOWN,UNKNOWN,ganho_marginal/pool40/val40/criterio,UNKNOWN,2026-10-06T18:54:34+00:00,8.55,,300
fd1f66d5b108d405,ganho_marginal,UNKNOWN,schisto,UNKNOWN,UNKNOWN,al,regiao|sorteado|objeto|ent=0.358744|lc=0.324935|fg=0.988619|pm=0.496414|k=200-175-141-141|000427#30,sorteado,labeled_marker,FLIM_lm,2,3,0,000300|000455|000427,sintetico,0.538569,0.506758,0.389256,0.024862,,UNKNOWN,7.91,6c26968d625a-sujo,UNKNOWN,UNKNOWN,ganho_marginal/pool40/val40/criterio,UNKNOWN,2026-10-06T18:55:29+00:00,7.91,,300
2e867e5be55bb7db,ganho_marginal,UNKNOWN,schisto,UNKNOWN,UNKNOWN,al,regiao|sorteado|objeto|ent=0.358744|lc=0.324935|fg=0.988619|pm=0.496414|k=200-175-141-141|000427#30,sorteado,decoder_2,FLIM_pb,2,3,0,000300|000455|000427,sintetico,0.556681,0.552548,0.415185,0.0272028,,UNKNOWN,7.91,6c26968d625a-sujo,UNKNOWN,UNKNOWN,ganho_marginal/pool40/val40/criterio,UNKNOWN,2026-10-06T18:55:29+00:00,7.91,,300
7754fd72946bba22,ganho_marginal,UNKNOWN,schisto,UNKNOWN,UNKNOWN,al,regiao|sorteado|objeto|ent=0.025536|lc=0.022740|fg=0.675055|pm=0.011370|k=200-165-141-141|000256#87,sorteado,labeled_marker,FLIM_lm,2,3,5,000256|000204|000279,sintetico,0.528311,0.528993,0.395794,0.0281984,,UNKNOWN,7.61,6c26968d625a-sujo,UNKNOWN,UNKNOWN,ganho_marginal/pool40/val40/criterio,UNKNOWN,2026-10-06T18:55:33+00:00,7.61,,300
11d345f86c46e557,ganho_marginal,UNKNOWN,schisto,UNKNOWN,UNKNOWN,al,regiao|sorteado|objeto|ent=0.025536|lc=0.022740|fg=0.675055|pm=0.011370|k=200-165-141-141|000256#87,sorteado,decoder_2,FLIM_pb,2,3,5,000256|000204|000279,sintetico,0.368923,0.411687,0.28829,0.0546688,,UNKNOWN,7.61,6c26968d625a-sujo,UNKNOWN,UNKNOWN,ganho_marginal/pool40/val40/criterio,UNKNOWN,2026-10-06T18:55:33+00:00,7.61,,300
34aaef6c6d3b56e0,ganho_marginal,UNKNOWN,schisto,UNKNOWN,UNKNOWN,al,regiao|sorteado|objeto|ent=0.000015|lc=0.000002|fg=0.000400|pm=0.000001|k=200-200-147-147|000300#56,sorteado,labeled_marker,FLIM_lm,2,3,0,000300|000455|000427,sintetico,0.0136902,0.00896076,0.00545866,0.0251792,,UNKNOWN,9.49,6c26968d625a-sujo,UNKNOWN,UNKNOWN,ganho_marginal/pool40/val40/criterio,UNKNOWN,2026-10-06T18:56:34+00:00,9.49,,300
93268346e521d420,ganho_marginal,UNKNOWN,schisto,UNKNOWN,UNKNOWN,al,regiao|sorteado|objeto|ent=0.000015|lc=0.000002|fg=0.000400|pm=0.000001|k=200-200-147-147|000300#56,sorteado,decoder_2,FLIM_pb,2,3,0,000300|000455|000427,sintetico,0.605271,0.586607,0.465455,0.0206367,,UNKNOWN,9.49,6c26968d625a-sujo,UNKNOWN,UNKNOWN,ganho_marginal/pool40/val40/criterio,UNKNOWN,2026-10-06T18:56:34+00:00,9.49,,300
1fa8edcb985a4469,ganho_marginal,UNKNOWN,schisto,UNKNOWN,UNKNOWN,al,regiao|sorteado|objeto|ent=0.000015|lc=0.000002|fg=0.000509|pm=0.000001|k=200-175-150-150|000204#97,sorteado,labeled_marker,FLIM_lm,2,3,5,000256|000204|000279,sintetico,0,0,0,0.0253377,,UNKNOWN,8.6,6c26968d625a-sujo,UNKNOWN,UNKNOWN,ganho_marginal/pool40/val40/criterio,UNKNOWN,2026-10-06T18:56:34+00:00,8.6,,300
78943188d16d3d3a,ganho_marginal,UNKNOWN,schisto,UNKNOWN,UNKNOWN,al,regiao|sorteado|objeto|ent=0.000015|lc=0.000002|fg=0.000509|pm=0.000001|k=200-175-150-150|000204#97,sorteado,decoder_2,FLIM_pb,2,3,5,000256|000204|000279,sintetico,0.486199,0.536432,0.398307,0.0392475,,UNKNOWN,8.6,6c26968d625a-sujo,UNKNOWN,UNKNOWN,ganho_marginal/pool40/val40/criterio,UNKNOWN,2026-10-06T18:56:34+00:00,8.6,,300
b5ccc5d3d5f08c1e,ganho_marginal,UNKNOWN,schisto,UNKNOWN,UNKNOWN,al,regiao|sorteado|fundo|ent=0.000015|lc=0.000002|fg=0.000000|pm=0.000001|k=200-156-147-147|000455#29,sorteado,labeled_marker,FLIM_lm,2,3,0,000300|000455|000427,sintetico,0.388179,0.319709,0.241136,0.0206973,,UNKNOWN,7.19,6c26968d625a-sujo,UNKNOWN,UNKNOWN,ganho_marginal/pool40/val40/criterio,UNKNOWN,2026-10-06T18:57:32+00:00,7.19,,300
ade5da38290db948,ganho_marginal,UNKNOWN,schisto,UNKNOWN,UNKNOWN,al,regiao|sorteado|fundo|ent=0.000015|lc=0.000002|fg=0.000000|pm=0.000001|k=200-156-147-147|000455#29,sorteado,decoder_2,FLIM_pb,2,3,0,000300|000455|000427,sintetico,0.544058,0.562285,0.415469,0.0296225,,UNKNOWN,7.19,6c26968d625a-sujo,UNKNOWN,UNKNOWN,ganho_marginal/pool40/val40/criterio,UNKNOWN,2026-10-06T18:57:32+00:00,7.19,,300
0b923b5b24857c47,ganho_marginal,UNKNOWN,schisto,UNKNOWN,UNKNOWN,al,regiao|sorteado|fundo|ent=0.000015|lc=0.000002|fg=0.000000|pm=0.000001|k=200-166-147-147|000256#36,sorteado,labeled_marker,FLIM_lm,2,3,5,000256|000204|000279,sintetico,0.0189726,0.0148075,0.0105189,0.0250323,,UNKNOWN,7.84,6c26968d625a-sujo,UNKNOWN,UNKNOWN,ganho_marginal/pool40/val40/criterio,UNKNOWN,2026-10-06T18:57:33+00:00,7.84,,300
99a4c7f6a6728b70,ganho_marginal,UNKNOWN,schisto,UNKNOWN,UNKNOWN,al,regiao|sorteado|fundo|ent=0.000015|lc=0.000002|fg=0.000000|pm=0.000001|k=200-166-147-147|000256#36,sorteado,decoder_2,FLIM_pb,2,3,5,000256|000204|000279,sintetico,0.625578,0.621751,0.497888,0.0206334,,UNKNOWN,7.84,6c26968d625a-sujo,UNKNOWN,UNKNOWN,ganho_marginal/pool40/val40/criterio,UNKNOWN,2026-10-06T18:57:33+00:00,7.84,,300
70e7d1680c789ac2,ganho_marginal,UNKNOWN,schisto,UNKNOWN,UNKNOWN,al,regiao|sorteado|fundo|ent=0.000015|lc=0.000002|fg=0.000000|pm=0.000001|k=200-153-144-144|000427#50,sorteado,labeled_marker,FLIM_lm,2,3,0,000300|000455|000427,sintetico,0.48251,0.438715,0.336778,0.024645,,UNKNOWN,9.23,6c26968d625a-sujo,UNKNOWN,UNKNOWN,ganho_marginal/pool40/val40/criterio,UNKNOWN,2026-10-06T18:58:33+00:00,9.23,,300
a7a980919e5d814f,ganho_marginal,UNKNOWN,schisto,UNKNOWN,UNKNOWN,al,regiao|sorteado|fundo|ent=0.000015|lc=0.000002|fg=0.000000|pm=0.000001|k=200-153-144-144|000427#50,sorteado,decoder_2,FLIM_pb,2,3,0,000300|000455|000427,sintetico,0.382121,0.421936,0.294418,0.0492662,,UNKNOWN,9.23,6c26968d625a-sujo,UNKNOWN,UNKNOWN,ganho_marginal/pool40/val40/criterio,UNKNOWN,2026-10-06T18:58:33+00:00,9.23,,300
9bb6976454dda42c,ganho_marginal,UNKNOWN,schisto,UNKNOWN,UNKNOWN,al,regiao|sorteado|fundo|ent=0.000015|lc=0.000002|fg=0.000000|pm=0.000001|k=200-200-147-147|000279#91,sorteado,labeled_marker,FLIM_lm,2,3,5,000256|000204|000279,sintetico,0,0,0,0.0253377,,UNKNOWN,15.19,6c26968d625a-sujo,UNKNOWN,UNKNOWN,ganho_marginal/pool40/val40/criterio,UNKNOWN,2026-10-06T18:58:41+00:00,15.19,,300
d458c2c39e2e94d3,ganho_marginal,UNKNOWN,schisto,UNKNOWN,UNKNOWN,al,regiao|sorteado|fundo|ent=0.000015|lc=0.000002|fg=0.000000|pm=0.000001|k=200-200-147-147|000279#91,sorteado,decoder_2,FLIM_pb,2,3,5,000256|000204|000279,sintetico,0.421554,0.442587,0.321781,0.0382222,,UNKNOWN,15.19,6c26968d625a-sujo,UNKNOWN,UNKNOWN,ganho_marginal/pool40/val40/criterio,UNKNOWN,2026-10-06T18:58:41+00:00,15.19,,300
41a46d5b40ea7236,ganho_marginal,UNKNOWN,schisto,UNKNOWN,UNKNOWN,al,regiao|sorteado|fundo|ent=0.000015|lc=0.000002|fg=0.000000|pm=0.000001|k=200-157-147-147|000300#34,sorteado,labeled_marker,FLIM_lm,2,3,0,000300|000455|000427,sintetico,0.46811,0.395187,0.2979,0.0201281,,UNKNOWN,7.96,6c26968d625a-sujo,UNKNOWN,UNKNOWN,ganho_marginal/pool40/val40/criterio,UNKNOWN,2026-10-06T18:59:29+00:00,7.96,,300
002931eab24dff5b,ganho_marginal,UNKNOWN,schisto,UNKNOWN,UNKNOWN,al,regiao|sorteado|fundo|ent=0.000015|lc=0.000002|fg=0.000000|pm=0.000001|k=200-157-147-147|000300#34,sorteado,decoder_2,FLIM_pb,2,3,0,000300|000455|000427,sintetico,0.481189,0.503627,0.366378,0.0340939,,UNKNOWN,7.96,6c26968d625a-sujo,UNKNOWN,UNKNOWN,ganho_marginal/pool40/val40/criterio,UNKNOWN,2026-10-06T18:59:29+00:00,7.96,,300
bf06e1b57eebab52,ganho_marginal,UNKNOWN,schisto,UNKNOWN,UNKNOWN,al,regiao|sorteado|fundo|ent=0.000015|lc=0.000002|fg=0.000000|pm=0.000001|k=200-159-147-147|000279#9,sorteado,labeled_marker,FLIM_lm,2,3,5,000256|000204|000279,sintetico,0.121099,0.0905346,0.0621837,0.0238911,,UNKNOWN,8.19,6c26968d625a-sujo,UNKNOWN,UNKNOWN,ganho_marginal/pool40/val40/criterio,UNKNOWN,2026-10-06T18:59:38+00:00,8.19,,300
96460d49097a8f6f,ganho_marginal,UNKNOWN,schisto,UNKNOWN,UNKNOWN,al,regiao|sorteado|fundo|ent=0.000015|lc=0.000002|fg=0.000000|pm=0.000001|k=200-159-147-147|000279#9,sorteado,decoder_2,FLIM_pb,2,3,5,000256|000204|000279,sintetico,0.637965,0.638495,0.511201,0.0221047,,UNKNOWN,8.19,6c26968d625a-sujo,UNKNOWN,UNKNOWN,ganho_marginal/pool40/val40/criterio,UNKNOWN,2026-10-06T18:59:38+00:00,8.19,,300
b9e26760788cfa89,ganho_marginal,UNKNOWN,schisto,UNKNOWN,UNKNOWN,al,regiao|sorteado|fundo|ent=0.000015|lc=0.000002|fg=0.000000|pm=0.000001|k=200-156-147-147|000427#115,sorteado,labeled_marker,FLIM_lm,2,3,0,000300|000455|000427,sintetico,0.544719,0.452612,0.349313,0.0176598,,UNKNOWN,8.2,6c26968d625a-sujo,UNKNOWN,UNKNOWN,ganho_marginal/pool40/val40/criterio,UNKNOWN,2026-10-06T19:00:26+00:00,8.2,,300
d1c67850ec6cb33e,ganho_marginal,UNKNOWN,schisto,UNKNOWN,UNKNOWN,al,regiao|sorteado|fundo|ent=0.000015|lc=0.000002|fg=0.000000|pm=0.000001|k=200-156-147-147|000427#115,sorteado,decoder_2,FLIM_pb,2,3,0,000300|000455|000427,sintetico,0.477538,0.517754,0.3714,0.0387192,,UNKNOWN,8.2,6c26968d625a-sujo,UNKNOWN,UNKNOWN,ganho_marginal/pool40/val40/criterio,UNKNOWN,2026-10-06T19:00:26+00:00,8.2,,300
617dbbe4ce063ca8,ganho_marginal,UNKNOWN,schisto,UNKNOWN,UNKNOWN,al,regiao|sorteado|fundo|ent=0.000015|lc=0.000002|fg=0.000000|pm=0.000001|k=200-171-150-150|000256#92,sorteado,labeled_marker,FLIM_lm,2,3,5,000256|000204|000279,sintetico,0.362297,0.269987,0.185058,0.0207842,,UNKNOWN,8.23,6c26968d625a-sujo,UNKNOWN,UNKNOWN,ganho_marginal/pool40/val40/criterio,UNKNOWN,2026-10-06T19:00:37+00:00,8.23,,300
06bb582838eca5b6,ganho_marginal,UNKNOWN,schisto,UNKNOWN,UNKNOWN,al,regiao|sorteado|fundo|ent=0.000015|lc=0.000002|fg=0.000000|pm=0.000001|k=200-171-150-150|000256#92,sorteado,decoder_2,FLIM_pb,2,3,5,000256|000204|000279,sintetico,0.607179,0.624369,0.490779,0.0248272,,UNKNOWN,8.23,6c26968d625a-sujo,UNKNOWN,UNKNOWN,ganho_marginal/pool40/val40/criterio,UNKNOWN,2026-10-06T19:00:37+00:00,8.23,,300
ba9dbea74ecd51d6,ganho_marginal,UNKNOWN,schisto,UNKNOWN,UNKNOWN,al,regiao|contorno_sorteado|contorno|ent=0.327751|lc=0.314735|fg=0.974763|pm=0.402703|k=159-156-144-144|000427#100009,contorno_sorteado,labeled_marker,FLIM_lm,2,3,0,000300|000455|000427,sintetico,0.485197,0.415308,0.309117,0.0204394,,UNKNOWN,7.18,6c26968d625a-sujo,UNKNOWN,UNKNOWN,ganho_marginal/pool40/val40/criterio,UNKNOWN,2026-10-06T19:01:19+00:00,7.18,,300
1fbb464fce9d5d75,ganho_marginal,UNKNOWN,schisto,UNKNOWN,UNKNOWN,al,regiao|contorno_sorteado|contorno|ent=0.327751|lc=0.314735|fg=0.974763|pm=0.402703|k=159-156-144-144|000427#100009,contorno_sorteado,decoder_2,FLIM_pb,2,3,0,000300|000455|000427,sintetico,0.549158,0.549428,0.420632,0.0265175,,UNKNOWN,7.18,6c26968d625a-sujo,UNKNOWN,UNKNOWN,ganho_marginal/pool40/val40/criterio,UNKNOWN,2026-10-06T19:01:19+00:00,7.18,,300
4f547d498a2f9ff6,ganho_marginal,UNKNOWN,schisto,UNKNOWN,UNKNOWN,al,regiao|contorno_sorteado|contorno|ent=0.360340|lc=0.352631|fg=0.000000|pm=0.406259|k=165-162-147-147|000279#100002,contorno_sorteado,labeled_marker,FLIM_lm,2,3,5,000256|000204|000279,sintetico,0.605857,0.509313,0.386833,0.0164677,,UNKNOWN,6.97,6c26968d625a-sujo,UNKNOWN,UNKNOWN,ganho_marginal/pool40/val40/criterio,UNKNOWN,2026-10-06T19:01:30+00:00,6.97,,300
e01ef6265c255428,ganho_marginal,UNKNOWN,schisto,UNKNOWN,UNKNOWN,al,regiao|contorno_sorteado|contorno|ent=0.360340|lc=0.352631|fg=0.000000|pm=0.406259|k=165-162-147-147|000279#100002,contorno_sorteado,decoder_2,FLIM_pb,2,3,5,000256|000204|000279,sintetico,0.504706,0.536675,0.398594,0.0328858,,UNKNOWN,6.97,6c26968d625a-sujo,UNKNOWN,UNKNOWN,ganho_marginal/pool40/val40/criterio,UNKNOWN,2026-10-06T19:01:30+00:00,6.97,,300
2e7aab031e2a711f,ganho_marginal,UNKNOWN,schisto,UNKNOWN,UNKNOWN,al,regiao|contorno_sorteado|contorno|ent=0.247247|lc=0.260367|fg=0.000000|pm=0.134252|k=159-156-147-147|000427#100006,contorno_sorteado,labeled_marker,FLIM_lm,2,3,0,000300|000455|000427,sintetico,0.389669,0.311972,0.227889,0.0208495,,UNKNOWN,7.14,6c26968d625a-sujo,UNKNOWN,UNKNOWN,ganho_marginal/pool40/val40/criterio,UNKNOWN,2026-10-06T19:02:11+00:00,7.14,,300
1612850b41a99118,ganho_marginal,UNKNOWN,schisto,UNKNOWN,UNKNOWN,al,regiao|contorno_sorteado|contorno|ent=0.247247|lc=0.260367|fg=0.000000|pm=0.134252|k=159-156-147-147|000427#100006,contorno_sorteado,decoder_2,FLIM_pb,2,3,0,000300|000455|000427,sintetico,0.558355,0.554406,0.430864,0.0240269,,UNKNOWN,7.14,6c26968d625a-sujo,UNKNOWN,UNKNOWN,ganho_marginal/pool40/val40/criterio,UNKNOWN,2026-10-06T19:02:11+00:00,7.14,,300
24eac0e7860dd95d,ganho_marginal,UNKNOWN,schisto,UNKNOWN,UNKNOWN,al,regiao|contorno_sorteado|contorno|ent=0.419952|lc=0.420771|fg=0.851735|pm=0.424285|k=159-156-147-147|000204#100005,contorno_sorteado,labeled_marker,FLIM_lm,2,3,5,000256|000204|000279,sintetico,0.59389,0.485008,0.35986,0.0166289,,UNKNOWN,6.92,6c26968d625a-sujo,UNKNOWN,UNKNOWN,ganho_marginal/pool40/val40/criterio,UNKNOWN,2026-10-06T19:02:22+00:00,6.92,,300
4493712504b88271,ganho_marginal,UNKNOWN,schisto,UNKNOWN,UNKNOWN,al,regiao|contorno_sorteado|contorno|ent=0.419952|lc=0.420771|fg=0.851735|pm=0.424285|k=159-156-147-147|000204#100005,contorno_sorteado,decoder_2,FLIM_pb,2,3,5,000256|000204|000279,sintetico,0.520215,0.553173,0.407985,0.0333444,,UNKNOWN,6.92,6c26968d625a-sujo,UNKNOWN,UNKNOWN,ganho_marginal/pool40/val40/criterio,UNKNOWN,2026-10-06T19:02:22+00:00,6.92,,300
6008f7d6c2c1d9d6,ganho_marginal,UNKNOWN,schisto,UNKNOWN,UNKNOWN,al,regiao|contorno_sorteado|contorno|ent=0.554870|lc=0.552324|fg=0.000000|pm=0.623213|k=159-156-147-147|000300#100004,contorno_sorteado,labeled_marker,FLIM_lm,2,3,0,000300|000455|000427,sintetico,0.38361,0.308748,0.224371,0.0213255,,UNKNOWN,7.16,6c26968d625a-sujo,UNKNOWN,UNKNOWN,ganho_marginal/pool40/val40/criterio,UNKNOWN,2026-10-06T19:03:04+00:00,7.16,,226
67a57a10512b0b41,ganho_marginal,UNKNOWN,schisto,UNKNOWN,UNKNOWN,al,regiao|contorno_sorteado|contorno|ent=0.554870|lc=0.552324|fg=0.000000|pm=0.623213|k=159-156-147-147|000300#100004,contorno_sorteado,decoder_2,FLIM_pb,2,3,0,000300|000455|000427,sintetico,0.568918,0.561846,0.439616,0.0233286,,UNKNOWN,7.16,6c26968d625a-sujo,UNKNOWN,UNKNOWN,ganho_marginal/pool40/val40/criterio,UNKNOWN,2026-10-06T19:03:04+00:00,7.16,,226
ff937bd60409d47f,ganho_marginal,UNKNOWN,schisto,UNKNOWN,UNKNOWN,al,regiao|contorno_sorteado|contorno|ent=0.347029|lc=0.352300|fg=0.000000|pm=0.336832|k=165-162-150-150|000279#100001,contorno_sorteado,labeled_marker,FLIM_lm,2,3,5,000256|000204|000279,sintetico,0.601541,0.503086,0.380891,0.0165625,,UNKNOWN,7.21,6c26968d625a-sujo,UNKNOWN,UNKNOWN,ganho_marginal/pool40/val40/criterio,UNKNOWN,2026-10-06T19:03:16+00:00,7.21,,300
f6c4b016ddf98018,ganho_marginal,UNKNOWN,schisto,UNKNOWN,UNKNOWN,al,regiao|contorno_sorteado|contorno|ent=0.347029|lc=0.352300|fg=0.000000|pm=0.336832|k=165-162-150-150|000279#100001,contorno_sorteado,decoder_2,FLIM_pb,2,3,5,000256|000204|000279,sintetico,0.501178,0.531038,0.392515,0.0332587,,UNKNOWN,7.21,6c26968d625a-sujo,UNKNOWN,UNKNOWN,ganho_marginal/pool40/val40/criterio,UNKNOWN,2026-10-06T19:03:16+00:00,7.21,,300
04fa8351ff1c3317,ganho_marginal,UNKNOWN,schisto,UNKNOWN,UNKNOWN,al,regiao|contorno_sorteado|contorno|ent=0.430458|lc=0.425779|fg=0.981073|pm=0.450245|k=156-153-144-144|000455#100000,contorno_sorteado,labeled_marker,FLIM_lm,2,3,0,000300|000455|000427,sintetico,0.436996,0.36262,0.267377,0.0207186,,UNKNOWN,7.02,6c26968d625a-sujo,UNKNOWN,UNKNOWN,ganho_marginal/pool40/val40/criterio,UNKNOWN,2026-10-06T19:03:55+00:00,7.02,,300
63b574f0c430d15e,ganho_marginal,UNKNOWN,schisto,UNKNOWN,UNKNOWN,al,regiao|contorno_sorteado|contorno|ent=0.430458|lc=0.425779|fg=0.981073|pm=0.450245|k=156-153-144-144|000455#100000,contorno_sorteado,decoder_2,FLIM_pb,2,3,0,000300|000455|000427,sintetico,0.539062,0.542152,0.416906,0.0258388,,UNKNOWN,7.02,6c26968d625a-sujo,UNKNOWN,UNKNOWN,ganho_marginal/pool40/val40/criterio,UNKNOWN,2026-10-06T19:03:56+00:00,7.02,,300
b0421a022589183f,ganho_marginal,UNKNOWN,schisto,UNKNOWN,UNKNOWN,al,regiao|contorno_sorteado|contorno|ent=0.488119|lc=0.519515|fg=1.000000|pm=0.438883|k=165-162-150-150|000204#100001,contorno_sorteado,labeled_marker,FLIM_lm,2,3,5,000256|000204|000279,sintetico,0.611079,0.533965,0.41686,0.0164659,,UNKNOWN,7.31,6c26968d625a-sujo,UNKNOWN,UNKNOWN,ganho_marginal/pool40/val40/criterio,UNKNOWN,2026-10-06T19:04:09+00:00,7.31,,300
05c26a56531e82ae,ganho_marginal,UNKNOWN,schisto,UNKNOWN,UNKNOWN,al,regiao|contorno_sorteado|contorno|ent=0.488119|lc=0.519515|fg=1.000000|pm=0.438883|k=165-162-150-150|000204#100001,contorno_sorteado,decoder_2,FLIM_pb,2,3,5,000256|000204|000279,sintetico,0.488189,0.525602,0.379614,0.0369373,,UNKNOWN,7.31,6c26968d625a-sujo,UNKNOWN,UNKNOWN,ganho_marginal/pool40/val40/criterio,UNKNOWN,2026-10-06T19:04:09+00:00,7.31,,300
4d6c579d806f9645,ganho_marginal,UNKNOWN,schisto,UNKNOWN,UNKNOWN,al,regiao|contorno_sorteado|contorno|ent=0.441848|lc=0.518044|fg=1.000000|pm=0.298343|k=156-153-144-144|000300#100002,contorno_sorteado,labeled_marker,FLIM_lm,2,3,0,000300|000455|000427,sintetico,0.400584,0.32813,0.239582,0.0217144,,UNKNOWN,7.06,6c26968d625a-sujo,UNKNOWN,UNKNOWN,ganho_marginal/pool40/val40/criterio,UNKNOWN,2026-10-06T19:04:47+00:00,7.06,,300
4a4a6067543a67d6,ganho_marginal,UNKNOWN,schisto,UNKNOWN,UNKNOWN,al,regiao|contorno_sorteado|contorno|ent=0.441848|lc=0.518044|fg=1.000000|pm=0.298343|k=156-153-144-144|000300#100002,contorno_sorteado,decoder_2,FLIM_pb,2,3,0,000300|000455|000427,sintetico,0.522187,0.521035,0.399085,0.0256727,,UNKNOWN,7.06,6c26968d625a-sujo,UNKNOWN,UNKNOWN,ganho_marginal/pool40/val40/criterio,UNKNOWN,2026-10-06T19:04:48+00:00,7.06,,300
c8c38b77a9c0e5e7,ganho_marginal,UNKNOWN,schisto,UNKNOWN,UNKNOWN,al,regiao|contorno_sorteado|contorno|ent=0.272505|lc=0.257000|fg=0.924290|pm=0.391860|k=165-162-147-147|000279#100006,contorno_sorteado,labeled_marker,FLIM_lm,2,3,5,000256|000204|000279,sintetico,0.617255,0.53597,0.418903,0.0162973,,UNKNOWN,7.26,6c26968d625a-sujo,UNKNOWN,UNKNOWN,ganho_marginal/pool40/val40/criterio,UNKNOWN,2026-10-06T19:05:04+00:00,7.26,,300
341fd0e978517b87,ganho_marginal,UNKNOWN,schisto,UNKNOWN,UNKNOWN,al,regiao|contorno_sorteado|contorno|ent=0.272505|lc=0.257000|fg=0.924290|pm=0.391860|k=165-162-147-147|000279#100006,contorno_sorteado,decoder_2,FLIM_pb,2,3,5,000256|000204|000279,sintetico,0.474783,0.516959,0.37051,0.0387206,,UNKNOWN,7.26,6c26968d625a-sujo,UNKNOWN,UNKNOWN,ganho_marginal/pool40/val40/criterio,UNKNOWN,2026-10-06T19:05:04+00:00,7.26,,300
c1608cbc2162874a,ganho_marginal,UNKNOWN,schisto,UNKNOWN,UNKNOWN,al,regiao|contorno_sorteado|contorno|ent=0.285503|lc=0.267341|fg=0.908517|pm=0.348378|k=156-153-144-144|000427#100001,contorno_sorteado,labeled_marker,FLIM_lm,2,3,0,000300|000455|000427,sintetico,0.403334,0.324981,0.236658,0.0211586,,UNKNOWN,6.89,6c26968d625a-sujo,UNKNOWN,UNKNOWN,ganho_marginal/pool40/val40/criterio,UNKNOWN,2026-10-06T19:05:39+00:00,6.89,,300
da064f8669ac0aff,ganho_marginal,UNKNOWN,schisto,UNKNOWN,UNKNOWN,al,regiao|contorno_sorteado|contorno|ent=0.285503|lc=0.267341|fg=0.908517|pm=0.348378|k=156-153-144-144|000427#100001,contorno_sorteado,decoder_2,FLIM_pb,2,3,0,000300|000455|000427,sintetico,0.560153,0.556753,0.424941,0.024903,,UNKNOWN,6.89,6c26968d625a-sujo,UNKNOWN,UNKNOWN,ganho_marginal/pool40/val40/criterio,UNKNOWN,2026-10-06T19:05:39+00:00,6.89,,300
bcbfb6c8a4fc73c3,ganho_marginal,UNKNOWN,schisto,UNKNOWN,UNKNOWN,al,regiao|contorno_sorteado|contorno|ent=0.403836|lc=0.393652|fg=0.769716|pm=0.450221|k=159-159-147-147|000204#100000,contorno_sorteado,labeled_marker,FLIM_lm,2,3,5,000256|000204|000279,sintetico,0.604762,0.507169,0.384812,0.0164419,,UNKNOWN,6.96,6c26968d625a-sujo,UNKNOWN,UNKNOWN,ganho_marginal/pool40/val40/criterio,UNKNOWN,2026-10-06T19:05:56+00:00,6.96,,300
6c5a9679efb37ec2,ganho_marginal,UNKNOWN,schisto,UNKNOWN,UNKNOWN,al,regiao|contorno_sorteado|contorno|ent=0.403836|lc=0.393652|fg=0.769716|pm=0.450221|k=159-159-147-147|000204#100000,contorno_sorteado,decoder_2,FLIM_pb,2,3,5,000256|000204|000279,sintetico,0.493586,0.529119,0.38681,0.0343623,,UNKNOWN,6.96,6c26968d625a-sujo,UNKNOWN,UNKNOWN,ganho_marginal/pool40/val40/criterio,UNKNOWN,2026-10-06T19:05:56+00:00,6.96,,300
bd3d5824039d8e93,ganho_marginal,UNKNOWN,schisto,UNKNOWN,UNKNOWN,al,regiao|contorno_sorteado|contorno|ent=0.347680|lc=0.320377|fg=1.000000|pm=0.461953|k=156-153-144-144|000427#100003,contorno_sorteado,labeled_marker,FLIM_lm,2,3,0,000300|000455|000427,sintetico,0.442121,0.368786,0.273014,0.0205264,,UNKNOWN,6.85,6c26968d625a-sujo,UNKNOWN,UNKNOWN,ganho_marginal/pool40/val40/criterio,UNKNOWN,2026-10-06T19:06:30+00:00,6.85,,300
b1d289f522b685fe,ganho_marginal,UNKNOWN,schisto,UNKNOWN,UNKNOWN,al,regiao|contorno_sorteado|contorno|ent=0.347680|lc=0.320377|fg=1.000000|pm=0.461953|k=156-153-144-144|000427#100003,contorno_sorteado,decoder_2,FLIM_pb,2,3,0,000300|000455|000427,sintetico,0.554543,0.559898,0.428408,0.026917,,UNKNOWN,6.85,6c26968d625a-sujo,UNKNOWN,UNKNOWN,ganho_marginal/pool40/val40/criterio,UNKNOWN,2026-10-06T19:06:31+00:00,6.85,,300
54c55daddce7fe38,ganho_marginal,UNKNOWN,schisto,UNKNOWN,UNKNOWN,al,regiao|contorno_sorteado|contorno|ent=0.368057|lc=0.349687|fg=0.905363|pm=0.462911|k=165-162-150-150|000204#100003,contorno_sorteado,labeled_marker,FLIM_lm,2,3,5,000256|000204|000279,sintetico,0.590158,0.51933,0.400939,0.0173356,,UNKNOWN,7.28,6c26968d625a-sujo,UNKNOWN,UNKNOWN,ganho_marginal/pool40/val40/criterio,UNKNOWN,2026-10-06T19:06:51+00:00,7.28,,300
0f5d0a3306737773,ganho_marginal,UNKNOWN,schisto,UNKNOWN,UNKNOWN,al,regiao|contorno_sorteado|contorno|ent=0.368057|lc=0.349687|fg=0.905363|pm=0.462911|k=165-162-150-150|000204#100003,contorno_sorteado,decoder_2,FLIM_pb,2,3,5,000256|000204|000279,sintetico,0.472642,0.511069,0.372185,0.0371109,,UNKNOWN,7.28,6c26968d625a-sujo,UNKNOWN,UNKNOWN,ganho_marginal/pool40/val40/criterio,UNKNOWN,2026-10-06T19:06:51+00:00,7.28,,300
66e58c9ac592d7f8,ganho_marginal,UNKNOWN,schisto,UNKNOWN,UNKNOWN,al,regiao|contorno_sorteado|contorno|ent=0.376961|lc=0.358949|fg=1.000000|pm=0.444231|k=156-153-144-144|000427#100007,contorno_sorteado,labeled_marker,FLIM_lm,2,3,0,000300|000455|000427,sintetico,0.433963,0.358665,0.263297,0.0207811,,UNKNOWN,7.16,6c26968d625a-sujo,UNKNOWN,UNKNOWN,ganho_marginal/pool40/val40/criterio,UNKNOWN,2026-10-06T19:07:28+00:00,7.16,,300
381843a0b0aa6395,ganho_marginal,UNKNOWN,schisto,UNKNOWN,UNKNOWN,al,regiao|contorno_sorteado|contorno|ent=0.376961|lc=0.358949|fg=1.000000|pm=0.444231|k=156-153-144-144|000427#100007,contorno_sorteado,decoder_2,FLIM_pb,2,3,0,000300|000455|000427,sintetico,0.549664,0.549586,0.425597,0.0248875,,UNKNOWN,7.16,6c26968d625a-sujo,UNKNOWN,UNKNOWN,ganho_marginal/pool40/val40/criterio,UNKNOWN,2026-10-06T19:07:28+00:00,7.16,,300
37b222758857a426,ganho_marginal,UNKNOWN,schisto,UNKNOWN,UNKNOWN,al,regiao|contorno_sorteado|contorno|ent=0.395218|lc=0.407609|fg=0.000000|pm=0.362313|k=165-162-150-150|000279#100014,contorno_sorteado,labeled_marker,FLIM_lm,2,3,5,000256|000204|000279,sintetico,0.60052,0.500964,0.378055,0.0166073,,UNKNOWN,7.47,6c26968d625a-sujo,UNKNOWN,UNKNOWN,ganho_marginal/pool40/val40/criterio,UNKNOWN,2026-10-06T19:07:53+00:00,7.47,,300
e90118997d91dd14,ganho_marginal,UNKNOWN,schisto,UNKNOWN,UNKNOWN,al,regiao|contorno_sorteado|contorno|ent=0.395218|lc=0.407609|fg=0.000000|pm=0.362313|k=165-162-150-150|000279#100014,contorno_sorteado,decoder_2,FLIM_pb,2,3,5,000256|000204|000279,sintetico,0.508038,0.538406,0.399526,0.031912,,UNKNOWN,7.47,6c26968d625a-sujo,UNKNOWN,UNKNOWN,ganho_marginal/pool40/val40/criterio,UNKNOWN,2026-10-06T19:07:53+00:00,7.47,,300
709f6d6cd040c84d,ganho_marginal,UNKNOWN,schisto,UNKNOWN,UNKNOWN,al,regiao|argmax_ent_contorno|contorno|ent=0.554870|lc=0.552324|fg=0.000000|pm=0.623213|k=159-156-147-147|000300#100004,argmax_ent_contorno,labeled_marker,FLIM_lm,2,3,0,000300|000455|000427,sintetico,0.38361,0.308748,0.224371,0.0213255,,UNKNOWN,8.52,6c26968d625a-sujo,UNKNOWN,UNKNOWN,ganho_marginal/pool40/val40/criterio,UNKNOWN,2026-10-06T19:08:25+00:00,8.52,,226
8f9228c68e8b8116,ganho_marginal,UNKNOWN,schisto,UNKNOWN,UNKNOWN,al,regiao|argmax_ent_contorno|contorno|ent=0.554870|lc=0.552324|fg=0.000000|pm=0.623213|k=159-156-147-147|000300#100004,argmax_ent_contorno,decoder_2,FLIM_pb,2,3,0,000300|000455|000427,sintetico,0.568918,0.561846,0.439616,0.0233286,,UNKNOWN,8.52,6c26968d625a-sujo,UNKNOWN,UNKNOWN,ganho_marginal/pool40/val40/criterio,UNKNOWN,2026-10-06T19:08:25+00:00,8.52,,226
023f08a331be65b5,ganho_marginal,UNKNOWN,schisto,UNKNOWN,UNKNOWN,al,regiao|argmax_ent_contorno|contorno|ent=0.488119|lc=0.519515|fg=1.000000|pm=0.438883|k=165-162-150-150|000204#100001,argmax_ent_contorno,labeled_marker,FLIM_lm,2,3,5,000256|000204|000279,sintetico,0.611002,0.533849,0.41674,0.0164689,,UNKNOWN,7.52,6c26968d625a-sujo,UNKNOWN,UNKNOWN,ganho_marginal/pool40/val40/criterio,UNKNOWN,2026-10-06T19:08:50+00:00,7.52,,300
c95d74f08521354b,ganho_marginal,UNKNOWN,schisto,UNKNOWN,UNKNOWN,al,regiao|argmax_ent_contorno|contorno|ent=0.488119|lc=0.519515|fg=1.000000|pm=0.438883|k=165-162-150-150|000204#100001,argmax_ent_contorno,decoder_2,FLIM_pb,2,3,5,000256|000204|000279,sintetico,0.488106,0.525444,0.37948,0.0369603,,UNKNOWN,7.52,6c26968d625a-sujo,UNKNOWN,UNKNOWN,ganho_marginal/pool40/val40/criterio,UNKNOWN,2026-10-06T19:08:50+00:00,7.52,,300
160d998ff4913baa,ganho_marginal,UNKNOWN,schisto,UNKNOWN,UNKNOWN,flim,base|k=150-150-147-147,base,labeled_marker,FLIM_lm,2,3,1,000150|000455|000105,sintetico,0.60475,0.509065,0.38711,0.0165138,,UNKNOWN,7.36,6c26968d625a-sujo,UNKNOWN,UNKNOWN,ganho_marginal/pool40/val40/criterio,UNKNOWN,2026-10-06T19:09:26+00:00,7.36,,0
0287f28e52d996dc,ganho_marginal,UNKNOWN,schisto,UNKNOWN,UNKNOWN,flim,base|k=150-150-147-147,base,decoder_2,FLIM_pb,2,3,1,000150|000455|000105,sintetico,0.645937,0.624686,0.492501,0.0199842,,UNKNOWN,7.36,6c26968d625a-sujo,UNKNOWN,UNKNOWN,ganho_marginal/pool40/val40/criterio,UNKNOWN,2026-10-06T19:09:26+00:00,7.36,,0
ec1edfda63e86851,ganho_marginal,UNKNOWN,schisto,UNKNOWN,UNKNOWN,flim,base|k=171-171-168-168,base,labeled_marker,FLIM_lm,2,3,6,000529|000105|000429,sintetico,0.622765,0.532052,0.410639,0.01706,,UNKNOWN,10.71,6c26968d625a-sujo,UNKNOWN,UNKNOWN,ganho_marginal/pool40/val40/criterio,UNKNOWN,2026-10-06T19:10:19+00:00,10.71,,0
3026a5a6a27241fa,ganho_marginal,UNKNOWN,schisto,UNKNOWN,UNKNOWN,flim,base|k=171-171-168-168,base,decoder_2,FLIM_pb,2,3,6,000529|000105|000429,sintetico,0.579769,0.604974,0.460563,0.0325606,,UNKNOWN,10.71,6c26968d625a-sujo,UNKNOWN,UNKNOWN,ganho_marginal/pool40/val40/criterio,UNKNOWN,2026-10-06T19:10:19+00:00,10.71,,0
4980d833e21ea571,ganho_marginal,UNKNOWN,schisto,UNKNOWN,UNKNOWN,al,regiao|argmax_entropia|objeto|ent=0.548598|lc=0.633545|fg=1.000000|pm=0.329671|k=200-150-141-141|000105#33,argmax_entropia,labeled_marker,FLIM_lm,2,3,1,000150|000455|000105,sintetico,0.731062,0.656106,0.512089,0.0162441,,UNKNOWN,11.54,6c26968d625a-sujo,UNKNOWN,UNKNOWN,ganho_marginal/pool40/val40/criterio,UNKNOWN,2026-10-06T19:11:34+00:00,11.54,,300
63542bb71d074d29,ganho_marginal,UNKNOWN,schisto,UNKNOWN,UNKNOWN,al,regiao|argmax_entropia|objeto|ent=0.548598|lc=0.633545|fg=1.000000|pm=0.329671|k=200-150-141-141|000105#33,argmax_entropia,decoder_2,FLIM_pb,2,3,1,000150|000455|000105,sintetico,0.624555,0.616316,0.470987,0.0248452,,UNKNOWN,11.54,6c26968d625a-sujo,UNKNOWN,UNKNOWN,ganho_marginal/pool40/val40/criterio,UNKNOWN,2026-10-06T19:11:34+00:00,11.54,,300
6d2994c406951961,ganho_marginal,UNKNOWN,schisto,UNKNOWN,UNKNOWN,al,regiao|argmax_entropia|fundo|ent=0.643587|lc=0.741224|fg=0.000000|pm=0.569302|k=200-175-171-171|000429#35,argmax_entropia,labeled_marker,FLIM_lm,2,3,6,000529|000105|000429,sintetico,0.521669,0.523625,0.38055,0.0341322,,UNKNOWN,17.86,6c26968d625a-sujo,UNKNOWN,UNKNOWN,ganho_marginal/pool40/val40/criterio,UNKNOWN,2026-10-06T19:13:25+00:00,17.86,,300
846f50fe6f895aae,ganho_marginal,UNKNOWN,schisto,UNKNOWN,UNKNOWN,al,regiao|argmax_entropia|fundo|ent=0.643587|lc=0.741224|fg=0.000000|pm=0.569302|k=200-175-171-171|000429#35,argmax_entropia,decoder_2,FLIM_pb,2,3,6,000529|000105|000429,sintetico,0.451117,0.485158,0.343465,0.0436639,,UNKNOWN,17.86,6c26968d625a-sujo,UNKNOWN,UNKNOWN,ganho_marginal/pool40/val40/criterio,UNKNOWN,2026-10-06T19:13:26+00:00,17.86,,300
fdb7c1c855cddbad,ganho_marginal,UNKNOWN,schisto,UNKNOWN,UNKNOWN,al,regiao|argmax_lc|objeto|ent=0.548598|lc=0.633545|fg=1.000000|pm=0.329671|k=200-150-141-141|000105#33,argmax_lc,labeled_marker,FLIM_lm,2,3,1,000150|000455|000105,sintetico,0.715753,0.6386,0.496866,0.0160078,,UNKNOWN,20.27,6c26968d625a-sujo,UNKNOWN,UNKNOWN,ganho_marginal/pool40/val40/criterio,UNKNOWN,2026-10-06T19:16:17+00:00,20.27,,300
4db20585493735b4,ganho_marginal,UNKNOWN,schisto,UNKNOWN,UNKNOWN,al,regiao|argmax_lc|objeto|ent=0.548598|lc=0.633545|fg=1.000000|pm=0.329671|k=200-150-141-141|000105#33,argmax_lc,decoder_2,FLIM_pb,2,3,1,000150|000455|000105,sintetico,0.633431,0.623818,0.480648,0.023783,,UNKNOWN,20.27,6c26968d625a-sujo,UNKNOWN,UNKNOWN,ganho_marginal/pool40/val40/criterio,UNKNOWN,2026-10-06T19:16:18+00:00,20.27,,300
297d9eff84b9ac5c,ganho_marginal,UNKNOWN,schisto,UNKNOWN,UNKNOWN,al,regiao|argmax_lc|fundo|ent=0.643587|lc=0.741224|fg=0.000000|pm=0.569302|k=200-177-171-171|000429#35,argmax_lc,labeled_marker,FLIM_lm,2,3,6,000529|000105|000429,sintetico,0.543068,0.536226,0.392714,0.0318389,,UNKNOWN,33.06,6c26968d625a-sujo,UNKNOWN,UNKNOWN,ganho_marginal/pool40/val40/criterio,UNKNOWN,2026-10-06T19:19:08+00:00,33.06,,300
ac75e1f966998646,ganho_marginal,UNKNOWN,schisto,UNKNOWN,UNKNOWN,al,regiao|argmax_lc|fundo|ent=0.643587|lc=0.741224|fg=0.000000|pm=0.569302|k=200-177-171-171|000429#35,argmax_lc,decoder_2,FLIM_pb,2,3,6,000529|000105|000429,sintetico,0.453009,0.486687,0.344804,0.0434558,,UNKNOWN,33.06,6c26968d625a-sujo,UNKNOWN,UNKNOWN,ganho_marginal/pool40/val40/criterio,UNKNOWN,2026-10-06T19:19:12+00:00,33.06,,300
3deccff0796ef3b2,ganho_marginal,UNKNOWN,schisto,UNKNOWN,UNKNOWN,al,regiao|argmax_prob|objeto|ent=0.495529|lc=0.473929|fg=1.000000|pm=0.653691|k=200-158-141-141|000455#102,argmax_prob,labeled_marker,FLIM_lm,2,3,1,000150|000455|000105,sintetico,0.544944,0.496812,0.379377,0.0238986,,UNKNOWN,28.71,6c26968d625a-sujo,UNKNOWN,UNKNOWN,ganho_marginal/pool40/val40/criterio,UNKNOWN,2026-10-06T19:23:27+00:00,28.71,,300
20b177f1937e5534,ganho_marginal,UNKNOWN,schisto,UNKNOWN,UNKNOWN,al,regiao|argmax_prob|objeto|ent=0.495529|lc=0.473929|fg=1.000000|pm=0.653691|k=200-158-141-141|000455#102,argmax_prob,decoder_2,FLIM_pb,2,3,1,000150|000455|000105,sintetico,0.560675,0.525071,0.403327,0.0244355,,UNKNOWN,28.71,6c26968d625a-sujo,UNKNOWN,UNKNOWN,ganho_marginal/pool40/val40/criterio,UNKNOWN,2026-10-06T19:23:27+00:00,28.71,,300
cddeabf05a194929,ganho_marginal,UNKNOWN,schisto,UNKNOWN,UNKNOWN,al,regiao|argmax_prob|objeto|ent=0.406504|lc=0.333205|fg=1.000000|pm=0.825182|k=200-168-165-165|000105#33,argmax_prob,labeled_marker,FLIM_lm,2,3,6,000529|000105|000429,sintetico,0.6612,0.572249,0.440753,0.0181753,,UNKNOWN,98.12,6c26968d625a-sujo,UNKNOWN,UNKNOWN,ganho_marginal/pool40/val40/criterio,UNKNOWN,2026-10-06T19:25:24+00:00,98.12,,300
0875d3007b8f7873,ganho_marginal,UNKNOWN,schisto,UNKNOWN,UNKNOWN,al,regiao|argmax_prob|objeto|ent=0.406504|lc=0.333205|fg=1.000000|pm=0.825182|k=200-168-165-165|000105#33,argmax_prob,decoder_2,FLIM_pb,2,3,6,000529|000105|000429,sintetico,0.596132,0.599306,0.450698,0.0290059,,UNKNOWN,98.12,6c26968d625a-sujo,UNKNOWN,UNKNOWN,ganho_marginal/pool40/val40/criterio,UNKNOWN,2026-10-06T19:25:25+00:00,98.12,,300
99f4be0a682614f1,ganho_marginal,UNKNOWN,schisto,UNKNOWN,UNKNOWN,al,regiao|sorteado|objeto|ent=0.000015|lc=0.000002|fg=0.002349|pm=0.000001|k=200-160-147-147|000105#43,sorteado,labeled_marker,FLIM_lm,2,3,1,000150|000455|000105,sintetico,0,0,0,0.0253377,,UNKNOWN,23.01,79377c6e78ff-sujo,UNKNOWN,UNKNOWN,ganho_marginal/pool40/val40/criterio,UNKNOWN,2026-10-06T19:27:54+00:00,23.01,,300
130010cd00390f7e,ganho_marginal,UNKNOWN,schisto,UNKNOWN,UNKNOWN,al,regiao|sorteado|objeto|ent=0.000015|lc=0.000002|fg=0.002349|pm=0.000001|k=200-160-147-147|000105#43,sorteado,decoder_2,FLIM_pb,2,3,1,000150|000455|000105,sintetico,0.581798,0.523145,0.415818,0.017573,,UNKNOWN,23.01,79377c6e78ff-sujo,UNKNOWN,UNKNOWN,ganho_marginal/pool40/val40/criterio,UNKNOWN,2026-10-06T19:27:55+00:00,23.01,,300
bf0b507af7aa233c,ganho_marginal,UNKNOWN,schisto,UNKNOWN,UNKNOWN,al,regiao|sorteado|objeto|ent=0.009589|lc=0.008241|fg=0.325075|pm=0.004121|k=200-183-168-168|000105#25,sorteado,labeled_marker,FLIM_lm,2,3,6,000529|000105|000429,sintetico,0.615609,0.530512,0.410237,0.0173136,,UNKNOWN,19,79377c6e78ff-sujo,UNKNOWN,UNKNOWN,ganho_marginal/pool40/val40/criterio,UNKNOWN,2026-10-06T19:29:49+00:00,19,,300
6e83dcbf80ea59e9,ganho_marginal,UNKNOWN,schisto,UNKNOWN,UNKNOWN,al,regiao|sorteado|objeto|ent=0.009589|lc=0.008241|fg=0.325075|pm=0.004121|k=200-183-168-168|000105#25,sorteado,decoder_2,FLIM_pb,2,3,6,000529|000105|000429,sintetico,0.413713,0.45813,0.332928,0.0551517,,UNKNOWN,19,79377c6e78ff-sujo,UNKNOWN,UNKNOWN,ganho_marginal/pool40/val40/criterio,UNKNOWN,2026-10-06T19:29:49+00:00,19,,300
63db86446ea9e0be,ganho_marginal,UNKNOWN,schisto,UNKNOWN,UNKNOWN,al,regiao|sorteado|objeto|ent=0.000015|lc=0.000002|fg=0.086304|pm=0.000001|k=200-153-144-144|000105#44,sorteado,labeled_marker,FLIM_lm,2,3,1,000150|000455|000105,sintetico,0.0659964,0.0473438,0.0310851,0.0247137,,UNKNOWN,31.75,79377c6e78ff-sujo,UNKNOWN,UNKNOWN,ganho_marginal/pool40/val40/criterio,UNKNOWN,2026-10-06T19:31:03+00:00,31.75,,300
f0512515ba6b4eb8,ganho_marginal,UNKNOWN,schisto,UNKNOWN,UNKNOWN,al,regiao|sorteado|objeto|ent=0.000015|lc=0.000002|fg=0.086304|pm=0.000001|k=200-153-144-144|000105#44,sorteado,decoder_2,FLIM_pb,2,3,1,000150|000455|000105,sintetico,0.666986,0.623725,0.510298,0.0152227,,UNKNOWN,31.75,79377c6e78ff-sujo,UNKNOWN,UNKNOWN,ganho_marginal/pool40/val40/criterio,UNKNOWN,2026-10-06T19:31:03+00:00,31.75,,300
c523724d351ba704,ganho_marginal,UNKNOWN,schisto,UNKNOWN,UNKNOWN,al,regiao|sorteado|objeto|ent=0.406504|lc=0.333205|fg=1.000000|pm=0.825182|k=200-168-165-165|000105#33,sorteado,labeled_marker,FLIM_lm,2,3,6,000529|000105|000429,sintetico,0.668633,0.590088,0.453587,0.0184333,,UNKNOWN,22.96,79377c6e78ff-sujo,UNKNOWN,UNKNOWN,ganho_marginal/pool40/val40/criterio,UNKNOWN,2026-10-06T19:32:42+00:00,22.96,,300
3425bd64a6da92e6,ganho_marginal,UNKNOWN,schisto,UNKNOWN,UNKNOWN,al,regiao|sorteado|objeto|ent=0.406504|lc=0.333205|fg=1.000000|pm=0.825182|k=200-168-165-165|000105#33,sorteado,decoder_2,FLIM_pb,2,3,6,000529|000105|000429,sintetico,0.592245,0.59198,0.444697,0.028815,,UNKNOWN,22.96,79377c6e78ff-sujo,UNKNOWN,UNKNOWN,ganho_marginal/pool40/val40/criterio,UNKNOWN,2026-10-06T19:32:43+00:00,22.96,,300
487679809b688982,ganho_marginal,UNKNOWN,schisto,UNKNOWN,UNKNOWN,al,regiao|sorteado|objeto|ent=0.000015|lc=0.000002|fg=0.003829|pm=0.000001|k=200-163-147-147|000105#45,sorteado,labeled_marker,FLIM_lm,2,3,1,000150|000455|000105,sintetico,0,0,0,0.0253377,,UNKNOWN,16.41,79377c6e78ff-sujo,UNKNOWN,UNKNOWN,ganho_marginal/pool40/val40/criterio,UNKNOWN,2026-10-06T19:33:58+00:00,16.41,,300
6eae0e834ce77e4a,ganho_marginal,UNKNOWN,schisto,UNKNOWN,UNKNOWN,al,regiao|sorteado|objeto|ent=0.000015|lc=0.000002|fg=0.003829|pm=0.000001|k=200-163-147-147|000105#45,sorteado,decoder_2,FLIM_pb,2,3,1,000150|000455|000105,sintetico,0.597802,0.541986,0.432476,0.0170848,,UNKNOWN,16.41,79377c6e78ff-sujo,UNKNOWN,UNKNOWN,ganho_marginal/pool40/val40/criterio,UNKNOWN,2026-10-06T19:33:58+00:00,16.41,,300
9092f69dc0003509,ganho_marginal,UNKNOWN,schisto,UNKNOWN,UNKNOWN,al,regiao|sorteado|objeto|ent=0.000015|lc=0.000002|fg=0.011878|pm=0.000001|k=200-174-168-168|000105#41,sorteado,labeled_marker,FLIM_lm,2,3,6,000529|000105|000429,sintetico,0.370104,0.293394,0.210248,0.0202127,,UNKNOWN,23.41,79377c6e78ff-sujo,UNKNOWN,UNKNOWN,ganho_marginal/pool40/val40/criterio,UNKNOWN,2026-10-06T19:35:16+00:00,23.41,,300
5b7eb6222a8a3b64,ganho_marginal,UNKNOWN,schisto,UNKNOWN,UNKNOWN,al,regiao|sorteado|objeto|ent=0.000015|lc=0.000002|fg=0.011878|pm=0.000001|k=200-174-168-168|000105#41,sorteado,decoder_2,FLIM_pb,2,3,6,000529|000105|000429,sintetico,0.670525,0.672456,0.536636,0.0238973,,UNKNOWN,23.41,79377c6e78ff-sujo,UNKNOWN,UNKNOWN,ganho_marginal/pool40/val40/criterio,UNKNOWN,2026-10-06T19:35:16+00:00,23.41,,300
4b9f3223dd59aa26,ganho_marginal,UNKNOWN,schisto,UNKNOWN,UNKNOWN,al,regiao|sorteado|objeto|ent=0.548598|lc=0.633545|fg=1.000000|pm=0.329671|k=200-154-144-144|000105#33,sorteado,labeled_marker,FLIM_lm,2,3,1,000150|000455|000105,sintetico,0.724681,0.649171,0.504542,0.0166456,,UNKNOWN,19.64,79377c6e78ff-sujo,UNKNOWN,UNKNOWN,ganho_marginal/pool40/val40/criterio,UNKNOWN,2026-10-06T19:36:37+00:00,19.64,,300
e75d349c16a67ce4,ganho_marginal,UNKNOWN,schisto,UNKNOWN,UNKNOWN,al,regiao|sorteado|objeto|ent=0.548598|lc=0.633545|fg=1.000000|pm=0.329671|k=200-154-144-144|000105#33,sorteado,decoder_2,FLIM_pb,2,3,1,000150|000455|000105,sintetico,0.634774,0.62479,0.480481,0.0237661,,UNKNOWN,19.64,79377c6e78ff-sujo,UNKNOWN,UNKNOWN,ganho_marginal/pool40/val40/criterio,UNKNOWN,2026-10-06T19:36:38+00:00,19.64,,300
8401b5d356b7acbd,ganho_marginal,UNKNOWN,schisto,UNKNOWN,UNKNOWN,al,regiao|sorteado|objeto|ent=0.000375|lc=0.000177|fg=0.571585|pm=0.000089|k=200-174-165-165|000529#78,sorteado,labeled_marker,FLIM_lm,2,3,6,000529|000105|000429,sintetico,0.700653,0.610686,0.468282,0.0166573,,UNKNOWN,36.86,79377c6e78ff-sujo,UNKNOWN,UNKNOWN,ganho_marginal/pool40/val40/criterio,UNKNOWN,2026-10-06T19:38:18+00:00,36.86,,300
a13ff45202d83158,ganho_marginal,UNKNOWN,schisto,UNKNOWN,UNKNOWN,al,regiao|sorteado|objeto|ent=0.000375|lc=0.000177|fg=0.571585|pm=0.000089|k=200-174-165-165|000529#78,sorteado,decoder_2,FLIM_pb,2,3,6,000529|000105|000429,sintetico,0.517429,0.546827,0.398925,0.038888,,UNKNOWN,36.86,79377c6e78ff-sujo,UNKNOWN,UNKNOWN,ganho_marginal/pool40/val40/criterio,UNKNOWN,2026-10-06T19:38:18+00:00,36.86,,300
deff08e3e1a88b74,ganho_marginal,UNKNOWN,schisto,UNKNOWN,UNKNOWN,al,regiao|sorteado|fundo|ent=0.000015|lc=0.000002|fg=0.000000|pm=0.000001|k=200-165-150-150|000455#13,sorteado,labeled_marker,FLIM_lm,2,3,1,000150|000455|000105,sintetico,0.474432,0.394854,0.302542,0.0197159,,UNKNOWN,25.67,79377c6e78ff-sujo,UNKNOWN,UNKNOWN,ganho_marginal/pool40/val40/criterio,UNKNOWN,2026-10-06T19:39:18+00:00,25.67,,300
0620d7c2ac2cf8e7,ganho_marginal,UNKNOWN,schisto,UNKNOWN,UNKNOWN,al,regiao|sorteado|fundo|ent=0.000015|lc=0.000002|fg=0.000000|pm=0.000001|k=200-165-150-150|000455#13,sorteado,decoder_2,FLIM_pb,2,3,1,000150|000455|000105,sintetico,0.551532,0.575643,0.431099,0.0351075,,UNKNOWN,25.67,79377c6e78ff-sujo,UNKNOWN,UNKNOWN,ganho_marginal/pool40/val40/criterio,UNKNOWN,2026-10-06T19:39:18+00:00,25.67,,300
82fb8f0269fa3e28,ganho_marginal,UNKNOWN,schisto,UNKNOWN,UNKNOWN,al,regiao|sorteado|fundo|ent=0.000015|lc=0.000002|fg=0.000000|pm=0.000001|k=200-175-171-171|000529#74,sorteado,labeled_marker,FLIM_lm,2,3,6,000529|000105|000429,sintetico,0.402703,0.329351,0.245423,0.0195384,,UNKNOWN,26.1,79377c6e78ff-sujo,UNKNOWN,UNKNOWN,ganho_marginal/pool40/val40/criterio,UNKNOWN,2026-10-06T19:40:17+00:00,26.1,,300
9675a83d317c917a,ganho_marginal,UNKNOWN,schisto,UNKNOWN,UNKNOWN,al,regiao|sorteado|fundo|ent=0.000015|lc=0.000002|fg=0.000000|pm=0.000001|k=200-175-171-171|000529#74,sorteado,decoder_2,FLIM_pb,2,3,6,000529|000105|000429,sintetico,0.635542,0.65294,0.513235,0.0275855,,UNKNOWN,26.1,79377c6e78ff-sujo,UNKNOWN,UNKNOWN,ganho_marginal/pool40/val40/criterio,UNKNOWN,2026-10-06T19:40:17+00:00,26.1,,300
28989af679996663,ganho_marginal,UNKNOWN,schisto,UNKNOWN,UNKNOWN,al,regiao|sorteado|fundo|ent=0.000015|lc=0.000002|fg=0.000000|pm=0.000001|k=200-153-150-150|000150#61,sorteado,labeled_marker,FLIM_lm,2,3,1,000150|000455|000105,sintetico,0.60026,0.537082,0.414986,0.0178025,,UNKNOWN,20.47,79377c6e78ff-sujo,UNKNOWN,UNKNOWN,ganho_marginal/pool40/val40/criterio,UNKNOWN,2026-10-06T19:40:37+00:00,20.47,,300
7d061e48deaae95c,ganho_marginal,UNKNOWN,schisto,UNKNOWN,UNKNOWN,al,regiao|sorteado|fundo|ent=0.000015|lc=0.000002|fg=0.000000|pm=0.000001|k=200-153-150-150|000150#61,sorteado,decoder_2,FLIM_pb,2,3,1,000150|000455|000105,sintetico,0.514862,0.537167,0.390609,0.0338736,,UNKNOWN,20.47,79377c6e78ff-sujo,UNKNOWN,UNKNOWN,ganho_marginal/pool40/val40/criterio,UNKNOWN,2026-10-06T19:40:37+00:00,20.47,,300
009247840c7530f8,ganho_marginal,UNKNOWN,schisto,UNKNOWN,UNKNOWN,al,regiao|sorteado|fundo|ent=0.000015|lc=0.000002|fg=0.000000|pm=0.000001|k=200-174-168-168|000529#62,sorteado,labeled_marker,FLIM_lm,2,3,6,000529|000105|000429,sintetico,0.274587,0.218398,0.156529,0.0214122,,UNKNOWN,10.41,79377c6e78ff-sujo,UNKNOWN,UNKNOWN,ganho_marginal/pool40/val40/criterio,UNKNOWN,2026-10-06T19:41:18+00:00,10.41,,300
a98d651da5a7b263,ganho_marginal,UNKNOWN,schisto,UNKNOWN,UNKNOWN,al,regiao|sorteado|fundo|ent=0.000015|lc=0.000002|fg=0.000000|pm=0.000001|k=200-174-168-168|000529#62,sorteado,decoder_2,FLIM_pb,2,3,6,000529|000105|000429,sintetico,0.688131,0.684495,0.547809,0.0211806,,UNKNOWN,10.41,79377c6e78ff-sujo,UNKNOWN,UNKNOWN,ganho_marginal/pool40/val40/criterio,UNKNOWN,2026-10-06T19:41:19+00:00,10.41,,300
d787631a2f2abc88,ganho_marginal,UNKNOWN,schisto,UNKNOWN,UNKNOWN,al,regiao|sorteado|fundo|ent=0.000015|lc=0.000002|fg=0.000000|pm=0.000001|k=200-151-147-147|000105#17,sorteado,labeled_marker,FLIM_lm,2,3,1,000150|000455|000105,sintetico,0.605717,0.504896,0.383118,0.0162442,,UNKNOWN,8.17,79377c6e78ff-sujo,UNKNOWN,UNKNOWN,ganho_marginal/pool40/val40/criterio,UNKNOWN,2026-10-06T19:41:32+00:00,8.17,,300
1450ee6570892101,ganho_marginal,UNKNOWN,schisto,UNKNOWN,UNKNOWN,al,regiao|sorteado|fundo|ent=0.000015|lc=0.000002|fg=0.000000|pm=0.000001|k=200-151-147-147|000105#17,sorteado,decoder_2,FLIM_pb,2,3,1,000150|000455|000105,sintetico,0.558642,0.586245,0.442449,0.0307552,,UNKNOWN,8.17,79377c6e78ff-sujo,UNKNOWN,UNKNOWN,ganho_marginal/pool40/val40/criterio,UNKNOWN,2026-10-06T19:41:32+00:00,8.17,,300
518ecfb77ec67fc2,ganho_marginal,UNKNOWN,schisto,UNKNOWN,UNKNOWN,al,regiao|sorteado|fundo|ent=0.000015|lc=0.000002|fg=0.000000|pm=0.000001|k=200-173-168-168|000105#114,sorteado,labeled_marker,FLIM_lm,2,3,6,000529|000105|000429,sintetico,0.536349,0.450482,0.341382,0.0184244,,UNKNOWN,9.45,79377c6e78ff-sujo,UNKNOWN,UNKNOWN,ganho_marginal/pool40/val40/criterio,UNKNOWN,2026-10-06T19:42:18+00:00,9.45,,300
eb83d9abef30d259,ganho_marginal,UNKNOWN,schisto,UNKNOWN,UNKNOWN,al,regiao|sorteado|fundo|ent=0.000015|lc=0.000002|fg=0.000000|pm=0.000001|k=200-173-168-168|000105#114,sorteado,decoder_2,FLIM_pb,2,3,6,000529|000105|000429,sintetico,0.513737,0.550086,0.425789,0.0461962,,UNKNOWN,9.45,79377c6e78ff-sujo,UNKNOWN,UNKNOWN,ganho_marginal/pool40/val40/criterio,UNKNOWN,2026-10-06T19:42:18+00:00,9.45,,300
9adb6b2e61fad0b9,ganho_marginal,UNKNOWN,schisto,UNKNOWN,UNKNOWN,al,regiao|sorteado|fundo|ent=0.000015|lc=0.000002|fg=0.000000|pm=0.000001|k=200-147-144-144|000105#97,sorteado,labeled_marker,FLIM_lm,2,3,1,000150|000455|000105,sintetico,0.560817,0.545513,0.417475,0.0267466,,UNKNOWN,7.58,79377c6e78ff-sujo,UNKNOWN,UNKNOWN,ganho_marginal/pool40/val40/criterio,UNKNOWN,2026-10-06T19:42:27+00:00,7.58,,300
d0425c482a6a38c8,ganho_marginal,UNKNOWN,schisto,UNKNOWN,UNKNOWN,al,regiao|sorteado|fundo|ent=0.000015|lc=0.000002|fg=0.000000|pm=0.000001|k=200-147-144-144|000105#97,sorteado,decoder_2,FLIM_pb,2,3,1,000150|000455|000105,sintetico,0.466815,0.492788,0.360047,0.0402348,,UNKNOWN,7.58,79377c6e78ff-sujo,UNKNOWN,UNKNOWN,ganho_marginal/pool40/val40/criterio,UNKNOWN,2026-10-06T19:42:27+00:00,7.58,,300
7ad9cfd5429d5481,ganho_marginal,UNKNOWN,schisto,UNKNOWN,UNKNOWN,al,regiao|sorteado|fundo|ent=0.406928|lc=0.402036|fg=0.000000|pm=0.201026|k=200-184-168-168|000429#30,sorteado,labeled_marker,FLIM_lm,2,3,6,000529|000105|000429,sintetico,0.586095,0.50102,0.377285,0.0195647,,UNKNOWN,9.67,79377c6e78ff-sujo,UNKNOWN,UNKNOWN,ganho_marginal/pool40/val40/criterio,UNKNOWN,2026-10-06T19:43:18+00:00,9.67,,300
fffb81ac5ba3a65d,ganho_marginal,UNKNOWN,schisto,UNKNOWN,UNKNOWN,al,regiao|sorteado|fundo|ent=0.406928|lc=0.402036|fg=0.000000|pm=0.201026|k=200-184-168-168|000429#30,sorteado,decoder_2,FLIM_pb,2,3,6,000529|000105|000429,sintetico,0.415664,0.456816,0.317801,0.0483616,,UNKNOWN,9.67,79377c6e78ff-sujo,UNKNOWN,UNKNOWN,ganho_marginal/pool40/val40/criterio,UNKNOWN,2026-10-06T19:43:18+00:00,9.67,,300
26f4e8f01756a27f,ganho_marginal,UNKNOWN,schisto,UNKNOWN,UNKNOWN,al,regiao|contorno_sorteado|contorno|ent=0.413104|lc=0.416956|fg=0.955836|pm=0.423890|k=150-150-147-147|000150#100001,contorno_sorteado,labeled_marker,FLIM_lm,2,3,1,000150|000455|000105,sintetico,0.60059,0.501877,0.378778,0.0166206,,UNKNOWN,6.96,79377c6e78ff-sujo,UNKNOWN,UNKNOWN,ganho_marginal/pool40/val40/criterio,UNKNOWN,2026-10-06T19:43:19+00:00,6.96,,300
1aa3aab2cc0c96c2,ganho_marginal,UNKNOWN,schisto,UNKNOWN,UNKNOWN,al,regiao|contorno_sorteado|contorno|ent=0.413104|lc=0.416956|fg=0.955836|pm=0.423890|k=150-150-147-147|000150#100001,contorno_sorteado,decoder_2,FLIM_pb,2,3,1,000150|000455|000105,sintetico,0.658711,0.635608,0.497907,0.0201459,,UNKNOWN,6.96,79377c6e78ff-sujo,UNKNOWN,UNKNOWN,ganho_marginal/pool40/val40/criterio,UNKNOWN,2026-10-06T19:43:19+00:00,6.96,,300
2c6ed384fdd60cf2,ganho_marginal,UNKNOWN,schisto,UNKNOWN,UNKNOWN,al,regiao|contorno_sorteado|contorno|ent=0.586216|lc=0.706339|fg=1.000000|pm=0.409119|k=150-150-144-144|000150#100003,contorno_sorteado,labeled_marker,FLIM_lm,2,3,1,000150|000455|000105,sintetico,0.603677,0.507623,0.385455,0.0165617,,UNKNOWN,6.2,79377c6e78ff-sujo,UNKNOWN,UNKNOWN,ganho_marginal/pool40/val40/criterio,UNKNOWN,2026-10-06T19:44:08+00:00,6.2,,300
f55feb37d21fbbe4,ganho_marginal,UNKNOWN,schisto,UNKNOWN,UNKNOWN,al,regiao|contorno_sorteado|contorno|ent=0.586216|lc=0.706339|fg=1.000000|pm=0.409119|k=150-150-144-144|000150#100003,contorno_sorteado,decoder_2,FLIM_pb,2,3,1,000150|000455|000105,sintetico,0.668529,0.639829,0.503598,0.0188859,,UNKNOWN,6.2,79377c6e78ff-sujo,UNKNOWN,UNKNOWN,ganho_marginal/pool40/val40/criterio,UNKNOWN,2026-10-06T19:44:08+00:00,6.2,,300
5777363604453647,ganho_marginal,UNKNOWN,schisto,UNKNOWN,UNKNOWN,al,regiao|contorno_sorteado|contorno|ent=0.466859|lc=0.523137|fg=0.000000|pm=0.289214|k=174-174-171-171|000429#100008,contorno_sorteado,labeled_marker,FLIM_lm,2,3,6,000529|000105|000429,sintetico,0.568709,0.47857,0.367731,0.0175395,,UNKNOWN,7.34,79377c6e78ff-sujo,UNKNOWN,UNKNOWN,ganho_marginal/pool40/val40/criterio,UNKNOWN,2026-10-06T19:44:12+00:00,7.34,,300
2bfb212a84e8a14c,ganho_marginal,UNKNOWN,schisto,UNKNOWN,UNKNOWN,al,regiao|contorno_sorteado|contorno|ent=0.466859|lc=0.523137|fg=0.000000|pm=0.289214|k=174-174-171-171|000429#100008,contorno_sorteado,decoder_2,FLIM_pb,2,3,6,000529|000105|000429,sintetico,0.594389,0.616059,0.470726,0.0296172,,UNKNOWN,7.34,79377c6e78ff-sujo,UNKNOWN,UNKNOWN,ganho_marginal/pool40/val40/criterio,UNKNOWN,2026-10-06T19:44:12+00:00,7.34,,300
db851b6acf1a6188,ganho_marginal,UNKNOWN,schisto,UNKNOWN,UNKNOWN,al,regiao|contorno_sorteado|contorno|ent=0.338134|lc=0.319111|fg=0.880126|pm=0.438029|k=153-153-150-150|000150#100000,contorno_sorteado,labeled_marker,FLIM_lm,2,3,1,000150|000455|000105,sintetico,0.602168,0.513269,0.392044,0.0166844,,UNKNOWN,5.88,79377c6e78ff-sujo,UNKNOWN,UNKNOWN,ganho_marginal/pool40/val40/criterio,UNKNOWN,2026-10-06T19:44:57+00:00,5.88,,300
0cf707cea0b13bc9,ganho_marginal,UNKNOWN,schisto,UNKNOWN,UNKNOWN,al,regiao|contorno_sorteado|contorno|ent=0.338134|lc=0.319111|fg=0.880126|pm=0.438029|k=153-153-150-150|000150#100000,contorno_sorteado,decoder_2,FLIM_pb,2,3,1,000150|000455|000105,sintetico,0.642198,0.621416,0.489531,0.0201812,,UNKNOWN,5.88,79377c6e78ff-sujo,UNKNOWN,UNKNOWN,ganho_marginal/pool40/val40/criterio,UNKNOWN,2026-10-06T19:44:58+00:00,5.88,,300
4f00be52ed62624b,ganho_marginal,UNKNOWN,schisto,UNKNOWN,UNKNOWN,al,regiao|contorno_sorteado|contorno|ent=0.347736|lc=0.332538|fg=0.958991|pm=0.451434|k=171-171-168-168|000105#100000,contorno_sorteado,labeled_marker,FLIM_lm,2,3,6,000529|000105|000429,sintetico,0.638715,0.548993,0.424166,0.0166538,,UNKNOWN,7.28,79377c6e78ff-sujo,UNKNOWN,UNKNOWN,ganho_marginal/pool40/val40/criterio,UNKNOWN,2026-10-06T19:45:06+00:00,7.28,,300
09070bb04eb235cf,ganho_marginal,UNKNOWN,schisto,UNKNOWN,UNKNOWN,al,regiao|contorno_sorteado|contorno|ent=0.347736|lc=0.332538|fg=0.958991|pm=0.451434|k=171-171-168-168|000105#100000,contorno_sorteado,decoder_2,FLIM_pb,2,3,6,000529|000105|000429,sintetico,0.55717,0.590266,0.445172,0.0356828,,UNKNOWN,7.28,79377c6e78ff-sujo,UNKNOWN,UNKNOWN,ganho_marginal/pool40/val40/criterio,UNKNOWN,2026-10-06T19:45:06+00:00,7.28,,300
6da435e9c56eb03a,ganho_marginal,UNKNOWN,schisto,UNKNOWN,UNKNOWN,al,regiao|contorno_sorteado|contorno|ent=0.397260|lc=0.382405|fg=0.987382|pm=0.463610|k=150-150-144-144|000455#100006,contorno_sorteado,labeled_marker,FLIM_lm,2,3,1,000150|000455|000105,sintetico,0.607035,0.512571,0.391067,0.0164252,,UNKNOWN,7.48,79377c6e78ff-sujo,UNKNOWN,UNKNOWN,ganho_marginal/pool40/val40/criterio,UNKNOWN,2026-10-06T19:45:48+00:00,7.48,,300
a0f80d9ba51070d7,ganho_marginal,UNKNOWN,schisto,UNKNOWN,UNKNOWN,al,regiao|contorno_sorteado|contorno|ent=0.397260|lc=0.382405|fg=0.987382|pm=0.463610|k=150-150-144-144|000455#100006,contorno_sorteado,decoder_2,FLIM_pb,2,3,1,000150|000455|000105,sintetico,0.654664,0.63298,0.496837,0.0204325,,UNKNOWN,7.48,79377c6e78ff-sujo,UNKNOWN,UNKNOWN,ganho_marginal/pool40/val40/criterio,UNKNOWN,2026-10-06T19:45:48+00:00,7.48,,300
6f1d9765c1294b97,ganho_marginal,UNKNOWN,schisto,UNKNOWN,UNKNOWN,al,regiao|contorno_sorteado|contorno|ent=0.669439|lc=0.820626|fg=0.000000|pm=0.537945|k=174-174-171-171|000429#100009,contorno_sorteado,labeled_marker,FLIM_lm,2,3,6,000529|000105|000429,sintetico,0.581381,0.490537,0.376585,0.0172669,,UNKNOWN,8.15,79377c6e78ff-sujo,UNKNOWN,UNKNOWN,ganho_marginal/pool40/val40/criterio,UNKNOWN,2026-10-06T19:46:02+00:00,8.15,,300
27d91ebdcc0d87e3,ganho_marginal,UNKNOWN,schisto,UNKNOWN,UNKNOWN,al,regiao|contorno_sorteado|contorno|ent=0.669439|lc=0.820626|fg=0.000000|pm=0.537945|k=174-174-171-171|000429#100009,contorno_sorteado,decoder_2,FLIM_pb,2,3,6,000529|000105|000429,sintetico,0.613197,0.628077,0.483587,0.0279764,,UNKNOWN,8.15,79377c6e78ff-sujo,UNKNOWN,UNKNOWN,ganho_marginal/pool40/val40/criterio,UNKNOWN,2026-10-06T19:46:02+00:00,8.15,,300
0e5e2b1c03d1ea21,ganho_marginal,UNKNOWN,schisto,UNKNOWN,UNKNOWN,al,regiao|contorno_sorteado|contorno|ent=0.438996|lc=0.462063|fg=1.000000|pm=0.414890|k=150-150-147-147|000455#100005,contorno_sorteado,labeled_marker,FLIM_lm,2,3,1,000150|000455|000105,sintetico,0.604245,0.508285,0.386118,0.0165333,,UNKNOWN,6.84,79377c6e78ff-sujo,UNKNOWN,UNKNOWN,ganho_marginal/pool40/val40/criterio,UNKNOWN,2026-10-06T19:46:37+00:00,6.84,,300
f69e606330f21e82,ganho_marginal,UNKNOWN,schisto,UNKNOWN,UNKNOWN,al,regiao|contorno_sorteado|contorno|ent=0.438996|lc=0.462063|fg=1.000000|pm=0.414890|k=150-150-147-147|000455#100005,contorno_sorteado,decoder_2,FLIM_pb,2,3,1,000150|000455|000105,sintetico,0.664597,0.637152,0.50086,0.0193202,,UNKNOWN,6.84,79377c6e78ff-sujo,UNKNOWN,UNKNOWN,ganho_marginal/pool40/val40/criterio,UNKNOWN,2026-10-06T19:46:37+00:00,6.84,,300
3a71c12fa92546fc,ganho_marginal,UNKNOWN,schisto,UNKNOWN,UNKNOWN,al,regiao|contorno_sorteado|contorno|ent=0.502424|lc=0.584781|fg=0.000000|pm=0.353313|k=171-171-168-168|000429#100016,contorno_sorteado,labeled_marker,FLIM_lm,2,3,6,000529|000105|000429,sintetico,0.622978,0.531136,0.409167,0.0170008,,UNKNOWN,7.9,79377c6e78ff-sujo,UNKNOWN,UNKNOWN,ganho_marginal/pool40/val40/criterio,UNKNOWN,2026-10-06T19:46:57+00:00,7.9,,300
b4b9b540cdd1cae0,ganho_marginal,UNKNOWN,schisto,UNKNOWN,UNKNOWN,al,regiao|contorno_sorteado|contorno|ent=0.502424|lc=0.584781|fg=0.000000|pm=0.353313|k=171-171-168-168|000429#100016,contorno_sorteado,decoder_2,FLIM_pb,2,3,6,000529|000105|000429,sintetico,0.588948,0.611798,0.466432,0.0304695,,UNKNOWN,7.9,79377c6e78ff-sujo,UNKNOWN,UNKNOWN,ganho_marginal/pool40/val40/criterio,UNKNOWN,2026-10-06T19:46:57+00:00,7.9,,300
507f97dc2e2c4e0e,ganho_marginal,UNKNOWN,schisto,UNKNOWN,UNKNOWN,al,regiao|contorno_sorteado|contorno|ent=0.315273|lc=0.347580|fg=0.000000|pm=0.174852|k=153-153-150-150|000455#100007,contorno_sorteado,labeled_marker,FLIM_lm,2,3,1,000150|000455|000105,sintetico,0.596903,0.496244,0.373347,0.0167025,,UNKNOWN,8.25,79377c6e78ff-sujo,UNKNOWN,UNKNOWN,ganho_marginal/pool40/val40/criterio,UNKNOWN,2026-10-06T19:47:29+00:00,8.25,,300
4ed4b9dade36e0a7,ganho_marginal,UNKNOWN,schisto,UNKNOWN,UNKNOWN,al,regiao|contorno_sorteado|contorno|ent=0.315273|lc=0.347580|fg=0.000000|pm=0.174852|k=153-153-150-150|000455#100007,contorno_sorteado,decoder_2,FLIM_pb,2,3,1,000150|000455|000105,sintetico,0.658803,0.632848,0.495814,0.0195217,,UNKNOWN,8.25,79377c6e78ff-sujo,UNKNOWN,UNKNOWN,ganho_marginal/pool40/val40/criterio,UNKNOWN,2026-10-06T19:47:29+00:00,8.25,,300
f64c73d5d7416078,ganho_marginal,UNKNOWN,schisto,UNKNOWN,UNKNOWN,al,regiao|contorno_sorteado|contorno|ent=0.658813|lc=0.780936|fg=0.000000|pm=0.450309|k=174-174-171-171|000429#100012,contorno_sorteado,labeled_marker,FLIM_lm,2,3,6,000529|000105|000429,sintetico,0.584693,0.49562,0.380886,0.0175319,,UNKNOWN,8.26,79377c6e78ff-sujo,UNKNOWN,UNKNOWN,ganho_marginal/pool40/val40/criterio,UNKNOWN,2026-10-06T19:47:53+00:00,8.26,,300
acc6513f61254896,ganho_marginal,UNKNOWN,schisto,UNKNOWN,UNKNOWN,al,regiao|contorno_sorteado|contorno|ent=0.658813|lc=0.780936|fg=0.000000|pm=0.450309|k=174-174-171-171|000429#100012,contorno_sorteado,decoder_2,FLIM_pb,2,3,6,000529|000105|000429,sintetico,0.569031,0.596768,0.452076,0.0339034,,UNKNOWN,8.26,79377c6e78ff-sujo,UNKNOWN,UNKNOWN,ganho_marginal/pool40/val40/criterio,UNKNOWN,2026-10-06T19:47:53+00:00,8.26,,300
32c776923459770f,ganho_marginal,UNKNOWN,schisto,UNKNOWN,UNKNOWN,al,regiao|contorno_sorteado|contorno|ent=0.297377|lc=0.285978|fg=0.971609|pm=0.370654|k=150-150-144-144|000455#100002,contorno_sorteado,labeled_marker,FLIM_lm,2,3,1,000150|000455|000105,sintetico,0.607622,0.513184,0.391604,0.0163977,,UNKNOWN,6.41,79377c6e78ff-sujo,UNKNOWN,UNKNOWN,ganho_marginal/pool40/val40/criterio,UNKNOWN,2026-10-06T19:48:17+00:00,6.41,,300
ba64ed3600334c5b,ganho_marginal,UNKNOWN,schisto,UNKNOWN,UNKNOWN,al,regiao|contorno_sorteado|contorno|ent=0.297377|lc=0.285978|fg=0.971609|pm=0.370654|k=150-150-144-144|000455#100002,contorno_sorteado,decoder_2,FLIM_pb,2,3,1,000150|000455|000105,sintetico,0.650006,0.630891,0.493669,0.0208834,,UNKNOWN,6.41,79377c6e78ff-sujo,UNKNOWN,UNKNOWN,ganho_marginal/pool40/val40/criterio,UNKNOWN,2026-10-06T19:48:17+00:00,6.41,,300
eeaae767734ea338,ganho_marginal,UNKNOWN,schisto,UNKNOWN,UNKNOWN,al,regiao|contorno_sorteado|contorno|ent=0.417804|lc=0.428640|fg=0.000000|pm=0.411460|k=174-174-171-171|000429#100006,contorno_sorteado,labeled_marker,FLIM_lm,2,3,6,000529|000105|000429,sintetico,0.558739,0.469875,0.363358,0.0177119,,UNKNOWN,7.67,79377c6e78ff-sujo,UNKNOWN,UNKNOWN,ganho_marginal/pool40/val40/criterio,UNKNOWN,2026-10-06T19:48:47+00:00,7.67,,300
1bf1ec4caf14b1ec,ganho_marginal,UNKNOWN,schisto,UNKNOWN,UNKNOWN,al,regiao|contorno_sorteado|contorno|ent=0.417804|lc=0.428640|fg=0.000000|pm=0.411460|k=174-174-171-171|000429#100006,contorno_sorteado,decoder_2,FLIM_pb,2,3,6,000529|000105|000429,sintetico,0.574285,0.601056,0.455426,0.0325638,,UNKNOWN,7.67,79377c6e78ff-sujo,UNKNOWN,UNKNOWN,ganho_marginal/pool40/val40/criterio,UNKNOWN,2026-10-06T19:48:47+00:00,7.67,,300
094b34f8ca6923b4,ganho_marginal,UNKNOWN,schisto,UNKNOWN,UNKNOWN,al,regiao|contorno_sorteado|contorno|ent=0.382158|lc=0.393260|fg=1.000000|pm=0.354321|k=150-150-147-147|000105#100003,contorno_sorteado,labeled_marker,FLIM_lm,2,3,1,000150|000455|000105,sintetico,0.607353,0.512996,0.391669,0.0164166,,UNKNOWN,6.15,79377c6e78ff-sujo,UNKNOWN,UNKNOWN,ganho_marginal/pool40/val40/criterio,UNKNOWN,2026-10-06T19:49:08+00:00,6.15,,300
b2775ebd2b8da7cb,ganho_marginal,UNKNOWN,schisto,UNKNOWN,UNKNOWN,al,regiao|contorno_sorteado|contorno|ent=0.382158|lc=0.393260|fg=1.000000|pm=0.354321|k=150-150-147-147|000105#100003,contorno_sorteado,decoder_2,FLIM_pb,2,3,1,000150|000455|000105,sintetico,0.634201,0.619946,0.481152,0.0217348,,UNKNOWN,6.15,79377c6e78ff-sujo,UNKNOWN,UNKNOWN,ganho_marginal/pool40/val40/criterio,UNKNOWN,2026-10-06T19:49:08+00:00,6.15,,300
5f633f071cd2eed9,ganho_marginal,UNKNOWN,schisto,UNKNOWN,UNKNOWN,al,regiao|contorno_sorteado|contorno|ent=0.372126|lc=0.374211|fg=1.000000|pm=0.366763|k=174-174-171-171|000105#100005,contorno_sorteado,labeled_marker,FLIM_lm,2,3,6,000529|000105|000429,sintetico,0.688217,0.60659,0.464919,0.0173166,,UNKNOWN,8.81,79377c6e78ff-sujo,UNKNOWN,UNKNOWN,ganho_marginal/pool40/val40/criterio,UNKNOWN,2026-10-06T19:49:44+00:00,8.81,,300
35b2195bdf6f6533,ganho_marginal,UNKNOWN,schisto,UNKNOWN,UNKNOWN,al,regiao|contorno_sorteado|contorno|ent=0.372126|lc=0.374211|fg=1.000000|pm=0.366763|k=174-174-171-171|000105#100005,contorno_sorteado,decoder_2,FLIM_pb,2,3,6,000529|000105|000429,sintetico,0.554888,0.586985,0.442088,0.0338198,,UNKNOWN,8.81,79377c6e78ff-sujo,UNKNOWN,UNKNOWN,ganho_marginal/pool40/val40/criterio,UNKNOWN,2026-10-06T19:49:44+00:00,8.81,,300
009850dc3e598f1f,ganho_marginal,UNKNOWN,schisto,UNKNOWN,UNKNOWN,al,regiao|argmax_ent_contorno|contorno|ent=0.586216|lc=0.706339|fg=1.000000|pm=0.409119|k=150-150-144-144|000150#100003,argmax_ent_contorno,labeled_marker,FLIM_lm,2,3,1,000150|000455|000105,sintetico,0.604053,0.508142,0.386031,0.016548,,UNKNOWN,6.53,79377c6e78ff-sujo,UNKNOWN,UNKNOWN,ganho_marginal/pool40/val40/criterio,UNKNOWN,2026-10-06T19:49:56+00:00,6.53,,300
635c606bb609b887,ganho_marginal,UNKNOWN,schisto,UNKNOWN,UNKNOWN,al,regiao|argmax_ent_contorno|contorno|ent=0.586216|lc=0.706339|fg=1.000000|pm=0.409119|k=150-150-144-144|000150#100003,argmax_ent_contorno,decoder_2,FLIM_pb,2,3,1,000150|000455|000105,sintetico,0.678095,0.645912,0.510414,0.0183773,,UNKNOWN,6.53,79377c6e78ff-sujo,UNKNOWN,UNKNOWN,ganho_marginal/pool40/val40/criterio,UNKNOWN,2026-10-06T19:49:56+00:00,6.53,,300
53f0617129902ceb,ganho_marginal,UNKNOWN,schisto,UNKNOWN,UNKNOWN,al,regiao|contorno_sorteado|contorno|ent=0.321814|lc=0.336024|fg=0.000000|pm=0.240639|k=174-174-171-171|000429#100011,contorno_sorteado,labeled_marker,FLIM_lm,2,3,6,000529|000105|000429,sintetico,0.571724,0.477381,0.366924,0.0175956,,UNKNOWN,8.15,79377c6e78ff-sujo,UNKNOWN,UNKNOWN,ganho_marginal/pool40/val40/criterio,UNKNOWN,2026-10-06T19:50:39+00:00,8.15,,300
daa41ce1af6e18c1,ganho_marginal,UNKNOWN,schisto,UNKNOWN,UNKNOWN,al,regiao|contorno_sorteado|contorno|ent=0.321814|lc=0.336024|fg=0.000000|pm=0.240639|k=174-174-171-171|000429#100011,contorno_sorteado,decoder_2,FLIM_pb,2,3,6,000529|000105|000429,sintetico,0.576716,0.601939,0.45648,0.0318747,,UNKNOWN,8.15,79377c6e78ff-sujo,UNKNOWN,UNKNOWN,ganho_marginal/pool40/val40/criterio,UNKNOWN,2026-10-06T19:50:39+00:00,8.15,,300
2227f5a1a45cd088,ganho_marginal,UNKNOWN,schisto,UNKNOWN,UNKNOWN,flim,base|k=138-138-135-135,base,labeled_marker,FLIM_lm,2,3,2,000286|000373|000032,sintetico,0.0433384,0.0295047,0.0186697,0.0249784,,UNKNOWN,5.96,79377c6e78ff-sujo,UNKNOWN,UNKNOWN,ganho_marginal/pool40/val40/criterio,UNKNOWN,2026-10-06T19:50:43+00:00,5.96,,0
d7ca394ae1a99c85,ganho_marginal,UNKNOWN,schisto,UNKNOWN,UNKNOWN,flim,base|k=138-138-135-135,base,decoder_2,FLIM_pb,2,3,2,000286|000373|000032,sintetico,0.70591,0.664064,0.522425,0.0167219,,UNKNOWN,5.96,79377c6e78ff-sujo,UNKNOWN,UNKNOWN,ganho_marginal/pool40/val40/criterio,UNKNOWN,2026-10-06T19:50:43+00:00,5.96,,0
c4aeecaa4418a971,ganho_marginal,UNKNOWN,schisto,UNKNOWN,UNKNOWN,al,regiao|argmax_ent_contorno|contorno|ent=0.669439|lc=0.820626|fg=0.000000|pm=0.537945|k=174-174-171-171|000429#100009,argmax_ent_contorno,labeled_marker,FLIM_lm,2,3,6,000529|000105|000429,sintetico,0.5814,0.490563,0.376614,0.0172673,,UNKNOWN,7.45,79377c6e78ff-sujo,UNKNOWN,UNKNOWN,ganho_marginal/pool40/val40/criterio,UNKNOWN,2026-10-06T19:51:33+00:00,7.45,,300
814b5676c0232a91,ganho_marginal,UNKNOWN,schisto,UNKNOWN,UNKNOWN,al,regiao|argmax_ent_contorno|contorno|ent=0.669439|lc=0.820626|fg=0.000000|pm=0.537945|k=174-174-171-171|000429#100009,argmax_ent_contorno,decoder_2,FLIM_pb,2,3,6,000529|000105|000429,sintetico,0.613328,0.628177,0.483695,0.0279537,,UNKNOWN,7.45,79377c6e78ff-sujo,UNKNOWN,UNKNOWN,ganho_marginal/pool40/val40/criterio,UNKNOWN,2026-10-06T19:51:33+00:00,7.45,,300
8c3a9ada3bbaddec,ganho_marginal,UNKNOWN,schisto,UNKNOWN,UNKNOWN,al,regiao|argmax_entropia|objeto|ent=0.338569|lc=0.348886|fg=1.000000|pm=0.219605|k=184-135-132-132|000032#75,argmax_entropia,labeled_marker,FLIM_lm,2,3,2,000286|000373|000032,sintetico,0.230703,0.180397,0.12661,0.0222544,,UNKNOWN,6.67,79377c6e78ff-sujo,UNKNOWN,UNKNOWN,ganho_marginal/pool40/val40/criterio,UNKNOWN,2026-10-06T19:51:34+00:00,6.67,,300
4bdad051aad01fac,ganho_marginal,UNKNOWN,schisto,UNKNOWN,UNKNOWN,al,regiao|argmax_entropia|objeto|ent=0.338569|lc=0.348886|fg=1.000000|pm=0.219605|k=184-135-132-132|000032#75,argmax_entropia,decoder_2,FLIM_pb,2,3,2,000286|000373|000032,sintetico,0.753275,0.689454,0.549581,0.0148408,,UNKNOWN,6.67,79377c6e78ff-sujo,UNKNOWN,UNKNOWN,ganho_marginal/pool40/val40/criterio,UNKNOWN,2026-10-06T19:51:35+00:00,6.67,,300
ac3e7dcb687cd640,ganho_marginal,UNKNOWN,schisto,UNKNOWN,UNKNOWN,flim,base|k=159-156-153-153,base,labeled_marker,FLIM_lm,2,3,7,000196|000300|000186,sintetico,0.7089,0.630394,0.489837,0.0163933,,UNKNOWN,6.44,79377c6e78ff-sujo,UNKNOWN,UNKNOWN,ganho_marginal/pool40/val40/criterio,UNKNOWN,2026-10-06T19:52:23+00:00,6.44,,0
c6996b837dccf981,ganho_marginal,UNKNOWN,schisto,UNKNOWN,UNKNOWN,flim,base|k=159-156-153-153,base,decoder_2,FLIM_pb,2,3,7,000196|000300|000186,sintetico,0.587464,0.610027,0.470757,0.0322892,,UNKNOWN,6.44,79377c6e78ff-sujo,UNKNOWN,UNKNOWN,ganho_marginal/pool40/val40/criterio,UNKNOWN,2026-10-06T19:52:23+00:00,6.44,,0
552067b9c7010fb3,ganho_marginal,UNKNOWN,schisto,UNKNOWN,UNKNOWN,al,regiao|argmax_lc|objeto|ent=0.338569|lc=0.348886|fg=1.000000|pm=0.219605|k=200-135-132-132|000032#75,argmax_lc,labeled_marker,FLIM_lm,2,3,2,000286|000373|000032,sintetico,0.294903,0.235331,0.169447,0.0211538,,UNKNOWN,6.71,79377c6e78ff-sujo,UNKNOWN,UNKNOWN,ganho_marginal/pool40/val40/criterio,UNKNOWN,2026-10-06T19:52:24+00:00,6.71,,300
76033ca39560ed72,ganho_marginal,UNKNOWN,schisto,UNKNOWN,UNKNOWN,al,regiao|argmax_lc|objeto|ent=0.338569|lc=0.348886|fg=1.000000|pm=0.219605|k=200-135-132-132|000032#75,argmax_lc,decoder_2,FLIM_pb,2,3,2,000286|000373|000032,sintetico,0.742679,0.679865,0.539292,0.0153112,,UNKNOWN,6.71,79377c6e78ff-sujo,UNKNOWN,UNKNOWN,ganho_marginal/pool40/val40/criterio,UNKNOWN,2026-10-06T19:52:24+00:00,6.71,,300
e35dc2c64eb2b0ba,ganho_marginal,UNKNOWN,schisto,UNKNOWN,UNKNOWN,al,regiao|argmax_prob|objeto|ent=0.338569|lc=0.348886|fg=1.000000|pm=0.219605|k=200-135-132-132|000032#75,argmax_prob,labeled_marker,FLIM_lm,2,3,2,000286|000373|000032,sintetico,0.310766,0.24712,0.177747,0.0209092,,UNKNOWN,6.44,79377c6e78ff-sujo,UNKNOWN,UNKNOWN,ganho_marginal/pool40/val40/criterio,UNKNOWN,2026-10-06T19:53:16+00:00,6.44,,300
0fb39889ff31d086,ganho_marginal,UNKNOWN,schisto,UNKNOWN,UNKNOWN,al,regiao|argmax_prob|objeto|ent=0.338569|lc=0.348886|fg=1.000000|pm=0.219605|k=200-135-132-132|000032#75,argmax_prob,decoder_2,FLIM_pb,2,3,2,000286|000373|000032,sintetico,0.743974,0.679992,0.539059,0.0151145,,UNKNOWN,6.44,79377c6e78ff-sujo,UNKNOWN,UNKNOWN,ganho_marginal/pool40/val40/criterio,UNKNOWN,2026-10-06T19:53:16+00:00,6.44,,300
67d8071a7e1c02c1,ganho_marginal,UNKNOWN,schisto,UNKNOWN,UNKNOWN,al,regiao|argmax_entropia|fundo|ent=0.660580|lc=0.822941|fg=0.000000|pm=0.504385|k=200-158-153-153|000300#4,argmax_entropia,labeled_marker,FLIM_lm,2,3,7,000196|000300|000186,sintetico,0.589333,0.570375,0.435722,0.0255864,,UNKNOWN,7.4,79377c6e78ff-sujo,UNKNOWN,UNKNOWN,ganho_marginal/pool40/val40/criterio,UNKNOWN,2026-10-06T19:53:21+00:00,7.4,,300
f4b24f7036b4789f,ganho_marginal,UNKNOWN,schisto,UNKNOWN,UNKNOWN,al,regiao|argmax_entropia|fundo|ent=0.660580|lc=0.822941|fg=0.000000|pm=0.504385|k=200-158-153-153|000300#4,argmax_entropia,decoder_2,FLIM_pb,2,3,7,000196|000300|000186,sintetico,0.500312,0.520258,0.38256,0.035847,,UNKNOWN,7.4,79377c6e78ff-sujo,UNKNOWN,UNKNOWN,ganho_marginal/pool40/val40/criterio,UNKNOWN,2026-10-06T19:53:21+00:00,7.4,,300
e355ca1152949e4a,ganho_marginal,UNKNOWN,schisto,UNKNOWN,UNKNOWN,al,regiao|sorteado|objeto|ent=0.000015|lc=0.000002|fg=0.397476|pm=0.000001|k=160-142-135-135|000373#35,sorteado,labeled_marker,FLIM_lm,2,3,2,000286|000373|000032,sintetico,0.24844,0.193748,0.135563,0.02205,,UNKNOWN,5.91,79377c6e78ff-sujo,UNKNOWN,UNKNOWN,ganho_marginal/pool40/val40/criterio,UNKNOWN,2026-10-06T19:54:03+00:00,5.91,,300
9cce76fe055d30d9,ganho_marginal,UNKNOWN,schisto,UNKNOWN,UNKNOWN,al,regiao|sorteado|objeto|ent=0.000015|lc=0.000002|fg=0.397476|pm=0.000001|k=160-142-135-135|000373#35,sorteado,decoder_2,FLIM_pb,2,3,2,000286|000373|000032,sintetico,0.702749,0.672635,0.531442,0.0178228,,UNKNOWN,5.91,79377c6e78ff-sujo,UNKNOWN,UNKNOWN,ganho_marginal/pool40/val40/criterio,UNKNOWN,2026-10-06T19:54:03+00:00,5.91,,300
499fb75cb200196b,ganho_marginal,UNKNOWN,schisto,UNKNOWN,UNKNOWN,al,regiao|argmax_lc|fundo|ent=0.660580|lc=0.822941|fg=0.000000|pm=0.504385|k=200-160-153-153|000300#4,argmax_lc,labeled_marker,FLIM_lm,2,3,7,000196|000300|000186,sintetico,0.592085,0.572279,0.437089,0.0252323,,UNKNOWN,7.96,79377c6e78ff-sujo,UNKNOWN,UNKNOWN,ganho_marginal/pool40/val40/criterio,UNKNOWN,2026-10-06T19:54:14+00:00,7.96,,300
f6dfded93c152f1c,ganho_marginal,UNKNOWN,schisto,UNKNOWN,UNKNOWN,al,regiao|argmax_lc|fundo|ent=0.660580|lc=0.822941|fg=0.000000|pm=0.504385|k=200-160-153-153|000300#4,argmax_lc,decoder_2,FLIM_pb,2,3,7,000196|000300|000186,sintetico,0.496779,0.516627,0.37985,0.0364184,,UNKNOWN,7.96,79377c6e78ff-sujo,UNKNOWN,UNKNOWN,ganho_marginal/pool40/val40/criterio,UNKNOWN,2026-10-06T19:54:14+00:00,7.96,,300
1a0ef09bfb99514f,ganho_marginal,UNKNOWN,schisto,UNKNOWN,UNKNOWN,al,regiao|sorteado|objeto|ent=0.010100|lc=0.010333|fg=1.000000|pm=0.006821|k=200-133-132-132|000286#75,sorteado,labeled_marker,FLIM_lm,2,3,2,000286|000373|000032,sintetico,0.111629,0.0794688,0.0521362,0.0239481,,UNKNOWN,7.57,caad7489f6d7-sujo,UNKNOWN,UNKNOWN,ganho_marginal/pool40/val40/criterio,UNKNOWN,2026-10-06T19:54:53+00:00,7.57,,300
ba1bd8ee789d2816,ganho_marginal,UNKNOWN,schisto,UNKNOWN,UNKNOWN,al,regiao|sorteado|objeto|ent=0.010100|lc=0.010333|fg=1.000000|pm=0.006821|k=200-133-132-132|000286#75,sorteado,decoder_2,FLIM_pb,2,3,2,000286|000373|000032,sintetico,0.660191,0.638026,0.491814,0.0209934,,UNKNOWN,7.57,caad7489f6d7-sujo,UNKNOWN,UNKNOWN,ganho_marginal/pool40/val40/criterio,UNKNOWN,2026-10-06T19:54:53+00:00,7.57,,300
857eb25511e16d57,ganho_marginal,UNKNOWN,schisto,UNKNOWN,UNKNOWN,al,regiao|argmax_prob|objeto|ent=0.440571|lc=0.408768|fg=0.997753|pm=0.701243|k=200-155-153-153|000186#76,argmax_prob,labeled_marker,FLIM_lm,2,3,7,000196|000300|000186,sintetico,0.618936,0.599232,0.458431,0.0249347,,UNKNOWN,7.56,caad7489f6d7-sujo,UNKNOWN,UNKNOWN,ganho_marginal/pool40/val40/criterio,UNKNOWN,2026-10-06T19:55:07+00:00,7.56,,300
7110aefda7e7b9e3,ganho_marginal,UNKNOWN,schisto,UNKNOWN,UNKNOWN,al,regiao|argmax_prob|objeto|ent=0.440571|lc=0.408768|fg=0.997753|pm=0.701243|k=200-155-153-153|000186#76,argmax_prob,decoder_2,FLIM_pb,2,3,7,000196|000300|000186,sintetico,0.523466,0.54034,0.398716,0.0346605,,UNKNOWN,7.56,caad7489f6d7-sujo,UNKNOWN,UNKNOWN,ganho_marginal/pool40/val40/criterio,UNKNOWN,2026-10-06T19:55:07+00:00,7.56,,300
b7ac38d87f794571,ganho_marginal,UNKNOWN,schisto,UNKNOWN,UNKNOWN,al,regiao|sorteado|objeto|ent=0.000264|lc=0.000098|fg=0.185606|pm=0.000049|k=200-155-135-135|000032#97,sorteado,labeled_marker,FLIM_lm,2,3,2,000286|000373|000032,sintetico,0,0,0,0.0253377,,UNKNOWN,8.24,caad7489f6d7-sujo,UNKNOWN,UNKNOWN,ganho_marginal/pool40/val40/criterio,UNKNOWN,2026-10-06T19:55:46+00:00,8.24,,300
72595be4cde96372,ganho_marginal,UNKNOWN,schisto,UNKNOWN,UNKNOWN,al,regiao|sorteado|objeto|ent=0.000264|lc=0.000098|fg=0.185606|pm=0.000049|k=200-155-135-135|000032#97,sorteado,decoder_2,FLIM_pb,2,3,2,000286|000373|000032,sintetico,0.700922,0.659346,0.518292,0.0187442,,UNKNOWN,8.24,caad7489f6d7-sujo,UNKNOWN,UNKNOWN,ganho_marginal/pool40/val40/criterio,UNKNOWN,2026-10-06T19:55:46+00:00,8.24,,300
c66e9393dbc1b4e9,ganho_marginal,UNKNOWN,schisto,UNKNOWN,UNKNOWN,al,regiao|sorteado|objeto|ent=0.000015|lc=0.000002|fg=0.045181|pm=0.000001|k=200-157-150-150|000300#73,sorteado,labeled_marker,FLIM_lm,2,3,7,000196|000300|000186,sintetico,0.630769,0.518761,0.386439,0.0160344,,UNKNOWN,8.56,caad7489f6d7-sujo,UNKNOWN,UNKNOWN,ganho_marginal/pool40/val40/criterio,UNKNOWN,2026-10-06T19:55:59+00:00,8.56,,300
23339b99996a8518,ganho_marginal,UNKNOWN,schisto,UNKNOWN,UNKNOWN,al,regiao|sorteado|objeto|ent=0.000015|lc=0.000002|fg=0.045181|pm=0.000001|k=200-157-150-150|000300#73,sorteado,decoder_2,FLIM_pb,2,3,7,000196|000300|000186,sintetico,0.67227,0.677436,0.547711,0.0222662,,UNKNOWN,8.56,caad7489f6d7-sujo,UNKNOWN,UNKNOWN,ganho_marginal/pool40/val40/criterio,UNKNOWN,2026-10-06T19:56:00+00:00,8.56,,300
8d67d7232704cb42,ganho_marginal,UNKNOWN,schisto,UNKNOWN,UNKNOWN,al,regiao|sorteado|objeto|ent=0.000015|lc=0.000002|fg=0.118598|pm=0.000001|k=200-141-135-135|000032#86,sorteado,labeled_marker,FLIM_lm,2,3,2,000286|000373|000032,sintetico,0.576156,0.488296,0.374599,0.0186773,,UNKNOWN,7.25,caad7489f6d7-sujo,UNKNOWN,UNKNOWN,ganho_marginal/pool40/val40/criterio,UNKNOWN,2026-10-06T19:56:35+00:00,7.25,,300
143e29f3dc552b29,ganho_marginal,UNKNOWN,schisto,UNKNOWN,UNKNOWN,al,regiao|sorteado|objeto|ent=0.000015|lc=0.000002|fg=0.118598|pm=0.000001|k=200-141-135-135|000032#86,sorteado,decoder_2,FLIM_pb,2,3,2,000286|000373|000032,sintetico,0.42535,0.450598,0.316323,0.041205,,UNKNOWN,7.25,caad7489f6d7-sujo,UNKNOWN,UNKNOWN,ganho_marginal/pool40/val40/criterio,UNKNOWN,2026-10-06T19:56:35+00:00,7.25,,300
be1c65b2f8ff72b5,ganho_marginal,UNKNOWN,schisto,UNKNOWN,UNKNOWN,al,regiao|sorteado|objeto|ent=0.040305|lc=0.029945|fg=0.778140|pm=0.014973|k=200-156-150-150|000196#100,sorteado,labeled_marker,FLIM_lm,2,3,7,000196|000300|000186,sintetico,0.671434,0.629585,0.488793,0.0203231,,UNKNOWN,7.29,caad7489f6d7-sujo,UNKNOWN,UNKNOWN,ganho_marginal/pool40/val40/criterio,UNKNOWN,2026-10-06T19:56:50+00:00,7.29,,300
9a8164535cd3ec86,ganho_marginal,UNKNOWN,schisto,UNKNOWN,UNKNOWN,al,regiao|sorteado|objeto|ent=0.040305|lc=0.029945|fg=0.778140|pm=0.014973|k=200-156-150-150|000196#100,sorteado,decoder_2,FLIM_pb,2,3,7,000196|000300|000186,sintetico,0.427328,0.472539,0.341135,0.0547591,,UNKNOWN,7.29,caad7489f6d7-sujo,UNKNOWN,UNKNOWN,ganho_marginal/pool40/val40/criterio,UNKNOWN,2026-10-06T19:56:50+00:00,7.29,,300
ec28bdc19fd0dc0e,ganho_marginal,UNKNOWN,schisto,UNKNOWN,UNKNOWN,al,regiao|sorteado|fundo|ent=0.000015|lc=0.000002|fg=0.000000|pm=0.000001|k=200-151-135-135|000373#69,sorteado,labeled_marker,FLIM_lm,2,3,2,000286|000373|000032,sintetico,0,0,0,0.0253377,,UNKNOWN,7.2,caad7489f6d7-sujo,UNKNOWN,UNKNOWN,ganho_marginal/pool40/val40/criterio,UNKNOWN,2026-10-06T19:57:24+00:00,7.2,,300
8d9bf3c86dde6993,ganho_marginal,UNKNOWN,schisto,UNKNOWN,UNKNOWN,al,regiao|sorteado|fundo|ent=0.000015|lc=0.000002|fg=0.000000|pm=0.000001|k=200-151-135-135|000373#69,sorteado,decoder_2,FLIM_pb,2,3,2,000286|000373|000032,sintetico,0.558139,0.468181,0.342585,0.0186608,,UNKNOWN,7.2,caad7489f6d7-sujo,UNKNOWN,UNKNOWN,ganho_marginal/pool40/val40/criterio,UNKNOWN,2026-10-06T19:57:24+00:00,7.2,,300
5d5d54d7115e0d52,ganho_marginal,UNKNOWN,schisto,UNKNOWN,UNKNOWN,al,regiao|sorteado|objeto|ent=0.000015|lc=0.000002|fg=0.000558|pm=0.000001|k=200-167-153-153|000186#79,sorteado,labeled_marker,FLIM_lm,2,3,7,000196|000300|000186,sintetico,0.541799,0.447658,0.336055,0.0174503,,UNKNOWN,7.85,caad7489f6d7-sujo,UNKNOWN,UNKNOWN,ganho_marginal/pool40/val40/criterio,UNKNOWN,2026-10-06T19:57:43+00:00,7.85,,300
24865696c111dfbf,ganho_marginal,UNKNOWN,schisto,UNKNOWN,UNKNOWN,al,regiao|sorteado|objeto|ent=0.000015|lc=0.000002|fg=0.000558|pm=0.000001|k=200-167-153-153|000186#79,sorteado,decoder_2,FLIM_pb,2,3,7,000196|000300|000186,sintetico,0.550534,0.5956,0.451655,0.0363122,,UNKNOWN,7.85,caad7489f6d7-sujo,UNKNOWN,UNKNOWN,ganho_marginal/pool40/val40/criterio,UNKNOWN,2026-10-06T19:57:43+00:00,7.85,,300
15c083c0661c5a86,ganho_marginal,UNKNOWN,schisto,UNKNOWN,UNKNOWN,al,regiao|sorteado|fundo|ent=0.000015|lc=0.000002|fg=0.000000|pm=0.000001|k=200-144-138-138|000032#78,sorteado,labeled_marker,FLIM_lm,2,3,2,000286|000373|000032,sintetico,0.48561,0.410432,0.312651,0.0191578,,UNKNOWN,7.24,caad7489f6d7-sujo,UNKNOWN,UNKNOWN,ganho_marginal/pool40/val40/criterio,UNKNOWN,2026-10-06T19:58:13+00:00,7.24,,300
5a537984fda1dad2,ganho_marginal,UNKNOWN,schisto,UNKNOWN,UNKNOWN,al,regiao|sorteado|fundo|ent=0.000015|lc=0.000002|fg=0.000000|pm=0.000001|k=200-144-138-138|000032#78,sorteado,decoder_2,FLIM_pb,2,3,2,000286|000373|000032,sintetico,0.532357,0.54319,0.391936,0.0351647,,UNKNOWN,7.24,caad7489f6d7-sujo,UNKNOWN,UNKNOWN,ganho_marginal/pool40/val40/criterio,UNKNOWN,2026-10-06T19:58:14+00:00,7.24,,300
9f1eb2f634db287a,ganho_marginal,UNKNOWN,schisto,UNKNOWN,UNKNOWN,al,regiao|sorteado|objeto|ent=0.526174|lc=0.563710|fg=1.000000|pm=0.485204|k=200-150-147-147|000196#85,sorteado,labeled_marker,FLIM_lm,2,3,7,000196|000300|000186,sintetico,0.643023,0.594961,0.458099,0.0223333,,UNKNOWN,7.21,caad7489f6d7-sujo,UNKNOWN,UNKNOWN,ganho_marginal/pool40/val40/criterio,UNKNOWN,2026-10-06T19:58:32+00:00,7.21,,300
4eec170d91a394a5,ganho_marginal,UNKNOWN,schisto,UNKNOWN,UNKNOWN,al,regiao|sorteado|objeto|ent=0.526174|lc=0.563710|fg=1.000000|pm=0.485204|k=200-150-147-147|000196#85,sorteado,decoder_2,FLIM_pb,2,3,7,000196|000300|000186,sintetico,0.576224,0.586886,0.441575,0.0319837,,UNKNOWN,7.21,caad7489f6d7-sujo,UNKNOWN,UNKNOWN,ganho_marginal/pool40/val40/criterio,UNKNOWN,2026-10-06T19:58:32+00:00,7.21,,300
7b3d98b4fda50c54,ganho_marginal,UNKNOWN,schisto,UNKNOWN,UNKNOWN,al,regiao|sorteado|fundo|ent=0.000015|lc=0.000002|fg=0.000000|pm=0.000001|k=200-141-138-138|000032#29,sorteado,labeled_marker,FLIM_lm,2,3,2,000286|000373|000032,sintetico,0,0,0,0.0253377,,UNKNOWN,7.28,caad7489f6d7-sujo,UNKNOWN,UNKNOWN,ganho_marginal/pool40/val40/criterio,UNKNOWN,2026-10-06T19:59:02+00:00,7.28,,300
5665e3ee2fa35da0,ganho_marginal,UNKNOWN,schisto,UNKNOWN,UNKNOWN,al,regiao|sorteado|fundo|ent=0.000015|lc=0.000002|fg=0.000000|pm=0.000001|k=200-141-138-138|000032#29,sorteado,decoder_2,FLIM_pb,2,3,2,000286|000373|000032,sintetico,0.338322,0.271742,0.191134,0.0218637,,UNKNOWN,7.28,caad7489f6d7-sujo,UNKNOWN,UNKNOWN,ganho_marginal/pool40/val40/criterio,UNKNOWN,2026-10-06T19:59:02+00:00,7.28,,300
9b5ec6928b3b6007,ganho_marginal,UNKNOWN,schisto,UNKNOWN,UNKNOWN,al,regiao|sorteado|fundo|ent=0.000015|lc=0.000002|fg=0.000000|pm=0.000001|k=200-157-150-150|000196#66,sorteado,labeled_marker,FLIM_lm,2,3,7,000196|000300|000186,sintetico,0.596162,0.516176,0.395965,0.0193452,,UNKNOWN,7.54,caad7489f6d7-sujo,UNKNOWN,UNKNOWN,ganho_marginal/pool40/val40/criterio,UNKNOWN,2026-10-06T19:59:24+00:00,7.54,,300
8c9973d9eeed54f8,ganho_marginal,UNKNOWN,schisto,UNKNOWN,UNKNOWN,al,regiao|sorteado|fundo|ent=0.000015|lc=0.000002|fg=0.000000|pm=0.000001|k=200-157-150-150|000196#66,sorteado,decoder_2,FLIM_pb,2,3,7,000196|000300|000186,sintetico,0.536564,0.564644,0.424428,0.0405481,,UNKNOWN,7.54,caad7489f6d7-sujo,UNKNOWN,UNKNOWN,ganho_marginal/pool40/val40/criterio,UNKNOWN,2026-10-06T19:59:24+00:00,7.54,,300
57ff6bddfcf370db,ganho_marginal,UNKNOWN,schisto,UNKNOWN,UNKNOWN,al,regiao|sorteado|fundo|ent=0.000015|lc=0.000002|fg=0.000000|pm=0.000001|k=200-141-138-138|000373#116,sorteado,labeled_marker,FLIM_lm,2,3,2,000286|000373|000032,sintetico,0.34168,0.276607,0.201961,0.0204491,,UNKNOWN,7.41,caad7489f6d7-sujo,UNKNOWN,UNKNOWN,ganho_marginal/pool40/val40/criterio,UNKNOWN,2026-10-06T19:59:51+00:00,7.41,,300
782675589dd0d038,ganho_marginal,UNKNOWN,schisto,UNKNOWN,UNKNOWN,al,regiao|sorteado|fundo|ent=0.000015|lc=0.000002|fg=0.000000|pm=0.000001|k=200-141-138-138|000373#116,sorteado,decoder_2,FLIM_pb,2,3,2,000286|000373|000032,sintetico,0.607507,0.597118,0.45698,0.0238472,,UNKNOWN,7.41,caad7489f6d7-sujo,UNKNOWN,UNKNOWN,ganho_marginal/pool40/val40/criterio,UNKNOWN,2026-10-06T19:59:51+00:00,7.41,,300
9ae7312c020e9db0,ganho_marginal,UNKNOWN,schisto,UNKNOWN,UNKNOWN,al,regiao|sorteado|fundo|ent=0.000015|lc=0.000002|fg=0.000000|pm=0.000001|k=200-160-156-156|000300#94,sorteado,labeled_marker,FLIM_lm,2,3,7,000196|000300|000186,sintetico,0.609939,0.5069,0.379038,0.0163691,,UNKNOWN,7.55,caad7489f6d7-sujo,UNKNOWN,UNKNOWN,ganho_marginal/pool40/val40/criterio,UNKNOWN,2026-10-06T20:00:15+00:00,7.55,,300
fdd609b20a20a758,ganho_marginal,UNKNOWN,schisto,UNKNOWN,UNKNOWN,al,regiao|sorteado|fundo|ent=0.000015|lc=0.000002|fg=0.000000|pm=0.000001|k=200-160-156-156|000300#94,sorteado,decoder_2,FLIM_pb,2,3,7,000196|000300|000186,sintetico,0.6632,0.669697,0.538364,0.0230845,,UNKNOWN,7.55,caad7489f6d7-sujo,UNKNOWN,UNKNOWN,ganho_marginal/pool40/val40/criterio,UNKNOWN,2026-10-06T20:00:15+00:00,7.55,,300
445abb1aa1c0339e,ganho_marginal,UNKNOWN,schisto,UNKNOWN,UNKNOWN,al,regiao|contorno_sorteado|contorno|ent=0.186936|lc=0.195523|fg=1.000000|pm=0.129308|k=132-132-132-132|000286#100000,contorno_sorteado,labeled_marker,FLIM_lm,2,3,2,000286|000373|000032,sintetico,0,0,0,0.0253377,,UNKNOWN,5.53,caad7489f6d7-sujo,UNKNOWN,UNKNOWN,ganho_marginal/pool40/val40/criterio,UNKNOWN,2026-10-06T20:00:32+00:00,5.53,,300
e7d2bae2b256949d,ganho_marginal,UNKNOWN,schisto,UNKNOWN,UNKNOWN,al,regiao|contorno_sorteado|contorno|ent=0.186936|lc=0.195523|fg=1.000000|pm=0.129308|k=132-132-132-132|000286#100000,contorno_sorteado,decoder_2,FLIM_pb,2,3,2,000286|000373|000032,sintetico,0.61045,0.558842,0.43312,0.0196459,,UNKNOWN,5.53,caad7489f6d7-sujo,UNKNOWN,UNKNOWN,ganho_marginal/pool40/val40/criterio,UNKNOWN,2026-10-06T20:00:33+00:00,5.53,,300
883ddf5bb603642c,ganho_marginal,UNKNOWN,schisto,UNKNOWN,UNKNOWN,al,regiao|sorteado|fundo|ent=0.000015|lc=0.000002|fg=0.000000|pm=0.000001|k=200-159-156-156|000196#20,sorteado,labeled_marker,FLIM_lm,2,3,7,000196|000300|000186,sintetico,0.623959,0.554527,0.428691,0.0194547,,UNKNOWN,7.8,caad7489f6d7-sujo,UNKNOWN,UNKNOWN,ganho_marginal/pool40/val40/criterio,UNKNOWN,2026-10-06T20:01:06+00:00,7.8,,300
a5fc46b54bf78e2a,ganho_marginal,UNKNOWN,schisto,UNKNOWN,UNKNOWN,al,regiao|sorteado|fundo|ent=0.000015|lc=0.000002|fg=0.000000|pm=0.000001|k=200-159-156-156|000196#20,sorteado,decoder_2,FLIM_pb,2,3,7,000196|000300|000186,sintetico,0.496583,0.52824,0.397249,0.0465977,,UNKNOWN,7.8,caad7489f6d7-sujo,UNKNOWN,UNKNOWN,ganho_marginal/pool40/val40/criterio,UNKNOWN,2026-10-06T20:01:06+00:00,7.8,,300
d04ea5ba81de0e0c,ganho_marginal,UNKNOWN,schisto,UNKNOWN,UNKNOWN,al,regiao|contorno_sorteado|contorno|ent=0.102640|lc=0.106497|fg=0.921136|pm=0.075341|k=138-138-135-135|000373#100000,contorno_sorteado,labeled_marker,FLIM_lm,2,3,2,000286|000373|000032,sintetico,0.118456,0.0864856,0.0577959,0.024048,,UNKNOWN,5.67,caad7489f6d7-sujo,UNKNOWN,UNKNOWN,ganho_marginal/pool40/val40/criterio,UNKNOWN,2026-10-06T20:01:16+00:00,5.67,,300
dac7ca885c6dbe18,ganho_marginal,UNKNOWN,schisto,UNKNOWN,UNKNOWN,al,regiao|contorno_sorteado|contorno|ent=0.102640|lc=0.106497|fg=0.921136|pm=0.075341|k=138-138-135-135|000373#100000,contorno_sorteado,decoder_2,FLIM_pb,2,3,2,000286|000373|000032,sintetico,0.689444,0.660002,0.521478,0.018647,,UNKNOWN,5.67,caad7489f6d7-sujo,UNKNOWN,UNKNOWN,ganho_marginal/pool40/val40/criterio,UNKNOWN,2026-10-06T20:01:16+00:00,5.67,,300
388360c69eb57968,ganho_marginal,UNKNOWN,schisto,UNKNOWN,UNKNOWN,al,regiao|sorteado|fundo|ent=0.000015|lc=0.000002|fg=0.000000|pm=0.000001|k=200-175-156-156|000186#2,sorteado,labeled_marker,FLIM_lm,2,3,7,000196|000300|000186,sintetico,0.619029,0.530459,0.404165,0.0175653,,UNKNOWN,8.02,caad7489f6d7-sujo,UNKNOWN,UNKNOWN,ganho_marginal/pool40/val40/criterio,UNKNOWN,2026-10-06T20:02:00+00:00,8.02,,300
6f7d5c4590f44600,ganho_marginal,UNKNOWN,schisto,UNKNOWN,UNKNOWN,al,regiao|sorteado|fundo|ent=0.000015|lc=0.000002|fg=0.000000|pm=0.000001|k=200-175-156-156|000186#2,sorteado,decoder_2,FLIM_pb,2,3,7,000196|000300|000186,sintetico,0.557134,0.597778,0.463042,0.0385086,,UNKNOWN,8.02,caad7489f6d7-sujo,UNKNOWN,UNKNOWN,ganho_marginal/pool40/val40/criterio,UNKNOWN,2026-10-06T20:02:00+00:00,8.02,,300
f05ed7a15d67cebc,ganho_marginal,UNKNOWN,schisto,UNKNOWN,UNKNOWN,al,regiao|contorno_sorteado|contorno|ent=0.485780|lc=0.508541|fg=1.000000|pm=0.362901|k=141-141-132-132|000032#100000,contorno_sorteado,labeled_marker,FLIM_lm,2,3,2,000286|000373|000032,sintetico,0.246052,0.190817,0.133147,0.0220878,,UNKNOWN,5.69,caad7489f6d7-sujo,UNKNOWN,UNKNOWN,ganho_marginal/pool40/val40/criterio,UNKNOWN,2026-10-06T20:02:01+00:00,5.69,,300
506827fb8a29b85d,ganho_marginal,UNKNOWN,schisto,UNKNOWN,UNKNOWN,al,regiao|contorno_sorteado|contorno|ent=0.485780|lc=0.508541|fg=1.000000|pm=0.362901|k=141-141-132-132|000032#100000,contorno_sorteado,decoder_2,FLIM_pb,2,3,2,000286|000373|000032,sintetico,0.699958,0.66967,0.532882,0.0179473,,UNKNOWN,5.69,caad7489f6d7-sujo,UNKNOWN,UNKNOWN,ganho_marginal/pool40/val40/criterio,UNKNOWN,2026-10-06T20:02:01+00:00,5.69,,300
e2ef4c7b53816d7f,ganho_marginal,UNKNOWN,schisto,UNKNOWN,UNKNOWN,al,regiao|argmax_ent_contorno|contorno|ent=0.485780|lc=0.508541|fg=1.000000|pm=0.362901|k=141-141-132-132|000032#100000,argmax_ent_contorno,labeled_marker,FLIM_lm,2,3,2,000286|000373|000032,sintetico,0.245689,0.190402,0.1328,0.0220967,,UNKNOWN,5.38,caad7489f6d7-sujo,UNKNOWN,UNKNOWN,ganho_marginal/pool40/val40/criterio,UNKNOWN,2026-10-06T20:02:45+00:00,5.38,,300
344acd4ac184b088,ganho_marginal,UNKNOWN,schisto,UNKNOWN,UNKNOWN,al,regiao|argmax_ent_contorno|contorno|ent=0.485780|lc=0.508541|fg=1.000000|pm=0.362901|k=141-141-132-132|000032#100000,argmax_ent_contorno,decoder_2,FLIM_pb,2,3,2,000286|000373|000032,sintetico,0.700114,0.669704,0.532877,0.0179294,,UNKNOWN,5.38,caad7489f6d7-sujo,UNKNOWN,UNKNOWN,ganho_marginal/pool40/val40/criterio,UNKNOWN,2026-10-06T20:02:45+00:00,5.38,,300
451a08283833728e,ganho_marginal,UNKNOWN,schisto,UNKNOWN,UNKNOWN,al,regiao|contorno_sorteado|contorno|ent=0.389743|lc=0.425801|fg=0.835962|pm=0.319706|k=162-156-153-153|000300#100008,contorno_sorteado,labeled_marker,FLIM_lm,2,3,7,000196|000300|000186,sintetico,0.708512,0.629478,0.488536,0.0163467,,UNKNOWN,5.9,caad7489f6d7-sujo,UNKNOWN,UNKNOWN,ganho_marginal/pool40/val40/criterio,UNKNOWN,2026-10-06T20:02:47+00:00,5.9,,300
03bfe50620e401fa,ganho_marginal,UNKNOWN,schisto,UNKNOWN,UNKNOWN,al,regiao|contorno_sorteado|contorno|ent=0.389743|lc=0.425801|fg=0.835962|pm=0.319706|k=162-156-153-153|000300#100008,contorno_sorteado,decoder_2,FLIM_pb,2,3,7,000196|000300|000186,sintetico,0.609084,0.626728,0.489409,0.0300844,,UNKNOWN,5.9,caad7489f6d7-sujo,UNKNOWN,UNKNOWN,ganho_marginal/pool40/val40/criterio,UNKNOWN,2026-10-06T20:02:47+00:00,5.9,,300
b1b768c89ce81ce2,ganho_marginal,UNKNOWN,schisto,UNKNOWN,UNKNOWN,flim,base|k=156-153-150-150,base,labeled_marker,FLIM_lm,2,3,3,000296|000089|000054,sintetico,0.215828,0.165166,0.116252,0.0224281,,UNKNOWN,5.46,caad7489f6d7-sujo,UNKNOWN,UNKNOWN,ganho_marginal/pool40/val40/criterio,UNKNOWN,2026-10-06T20:03:32+00:00,5.46,,0
0b350e0875e77949,ganho_marginal,UNKNOWN,schisto,UNKNOWN,UNKNOWN,flim,base|k=156-153-150-150,base,decoder_2,FLIM_pb,2,3,3,000296|000089|000054,sintetico,0.585445,0.571659,0.460697,0.020767,,UNKNOWN,5.46,caad7489f6d7-sujo,UNKNOWN,UNKNOWN,ganho_marginal/pool40/val40/criterio,UNKNOWN,2026-10-06T20:03:32+00:00,5.46,,0
0307603bb8a76df1,ganho_marginal,UNKNOWN,schisto,UNKNOWN,UNKNOWN,al,regiao|contorno_sorteado|contorno|ent=0.320672|lc=0.298984|fg=0.921136|pm=0.452730|k=159-156-147-147|000300#100003,contorno_sorteado,labeled_marker,FLIM_lm,2,3,7,000196|000300|000186,sintetico,0.699222,0.617692,0.479386,0.0165161,,UNKNOWN,5.95,caad7489f6d7-sujo,UNKNOWN,UNKNOWN,ganho_marginal/pool40/val40/criterio,UNKNOWN,2026-10-06T20:03:34+00:00,5.95,,300
98102c0da49d5349,ganho_marginal,UNKNOWN,schisto,UNKNOWN,UNKNOWN,al,regiao|contorno_sorteado|contorno|ent=0.320672|lc=0.298984|fg=0.921136|pm=0.452730|k=159-156-147-147|000300#100003,contorno_sorteado,decoder_2,FLIM_pb,2,3,7,000196|000300|000186,sintetico,0.597233,0.61866,0.48077,0.0313555,,UNKNOWN,5.95,caad7489f6d7-sujo,UNKNOWN,UNKNOWN,ganho_marginal/pool40/val40/criterio,UNKNOWN,2026-10-06T20:03:34+00:00,5.95,,300
ecd8a5a5b2a05cb7,ganho_marginal,UNKNOWN,schisto,UNKNOWN,UNKNOWN,al,regiao|contorno_sorteado|contorno|ent=0.347274|lc=0.350168|fg=1.000000|pm=0.304058|k=159-156-153-153|000300#100007,contorno_sorteado,labeled_marker,FLIM_lm,2,3,7,000196|000300|000186,sintetico,0.710247,0.6326,0.492372,0.0163795,,UNKNOWN,6.03,caad7489f6d7-sujo,UNKNOWN,UNKNOWN,ganho_marginal/pool40/val40/criterio,UNKNOWN,2026-10-06T20:04:22+00:00,6.03,,300
d9d9a26ea878acd6,ganho_marginal,UNKNOWN,schisto,UNKNOWN,UNKNOWN,al,regiao|contorno_sorteado|contorno|ent=0.347274|lc=0.350168|fg=1.000000|pm=0.304058|k=159-156-153-153|000300#100007,contorno_sorteado,decoder_2,FLIM_pb,2,3,7,000196|000300|000186,sintetico,0.566634,0.592686,0.451186,0.0345637,,UNKNOWN,6.03,caad7489f6d7-sujo,UNKNOWN,UNKNOWN,ganho_marginal/pool40/val40/criterio,UNKNOWN,2026-10-06T20:04:22+00:00,6.03,,300
8501675e8c02a8f2,ganho_marginal,UNKNOWN,schisto,UNKNOWN,UNKNOWN,al,regiao|argmax_entropia|objeto|ent=0.538315|lc=0.544837|fg=1.000000|pm=0.590800|k=200-171-144-144|000089#43,argmax_entropia,labeled_marker,FLIM_lm,2,3,3,000296|000089|000054,sintetico,0.527957,0.477956,0.360339,0.0238805,,UNKNOWN,6.99,caad7489f6d7-sujo,UNKNOWN,UNKNOWN,ganho_marginal/pool40/val40/criterio,UNKNOWN,2026-10-06T20:04:27+00:00,6.99,,300
dc8c985781914319,ganho_marginal,UNKNOWN,schisto,UNKNOWN,UNKNOWN,al,regiao|argmax_entropia|objeto|ent=0.538315|lc=0.544837|fg=1.000000|pm=0.590800|k=200-171-144-144|000089#43,argmax_entropia,decoder_2,FLIM_pb,2,3,3,000296|000089|000054,sintetico,0.533545,0.501535,0.384194,0.0254009,,UNKNOWN,6.99,caad7489f6d7-sujo,UNKNOWN,UNKNOWN,ganho_marginal/pool40/val40/criterio,UNKNOWN,2026-10-06T20:04:27+00:00,6.99,,300
4002c7e87e2f14b3,ganho_marginal,UNKNOWN,schisto,UNKNOWN,UNKNOWN,al,regiao|contorno_sorteado|contorno|ent=0.251660|lc=0.245482|fg=0.694006|pm=0.273863|k=162-159-153-153|000300#100006,contorno_sorteado,labeled_marker,FLIM_lm,2,3,7,000196|000300|000186,sintetico,0.705572,0.635187,0.492525,0.0167394,,UNKNOWN,6.31,caad7489f6d7-sujo,UNKNOWN,UNKNOWN,ganho_marginal/pool40/val40/criterio,UNKNOWN,2026-10-06T20:05:10+00:00,6.31,,300
c7c4c9270970daea,ganho_marginal,UNKNOWN,schisto,UNKNOWN,UNKNOWN,al,regiao|contorno_sorteado|contorno|ent=0.251660|lc=0.245482|fg=0.694006|pm=0.273863|k=162-159-153-153|000300#100006,contorno_sorteado,decoder_2,FLIM_pb,2,3,7,000196|000300|000186,sintetico,0.562113,0.593252,0.449972,0.0343297,,UNKNOWN,6.31,caad7489f6d7-sujo,UNKNOWN,UNKNOWN,ganho_marginal/pool40/val40/criterio,UNKNOWN,2026-10-06T20:05:11+00:00,6.31,,300
716d97f9fc256f99,ganho_marginal,UNKNOWN,schisto,UNKNOWN,UNKNOWN,al,regiao|argmax_lc|objeto|ent=0.538315|lc=0.544837|fg=1.000000|pm=0.590800|k=200-161-150-150|000089#43,argmax_lc,labeled_marker,FLIM_lm,2,3,3,000296|000089|000054,sintetico,0.500882,0.447962,0.336879,0.0234266,,UNKNOWN,7.34,caad7489f6d7-sujo,UNKNOWN,UNKNOWN,ganho_marginal/pool40/val40/criterio,UNKNOWN,2026-10-06T20:05:19+00:00,7.34,,300
26441385fcf19ec6,ganho_marginal,UNKNOWN,schisto,UNKNOWN,UNKNOWN,al,regiao|argmax_lc|objeto|ent=0.538315|lc=0.544837|fg=1.000000|pm=0.590800|k=200-161-150-150|000089#43,argmax_lc,decoder_2,FLIM_pb,2,3,3,000296|000089|000054,sintetico,0.533405,0.501747,0.384484,0.0255509,,UNKNOWN,7.34,caad7489f6d7-sujo,UNKNOWN,UNKNOWN,ganho_marginal/pool40/val40/criterio,UNKNOWN,2026-10-06T20:05:19+00:00,7.34,,300
0eadaea0e4dfef81,ganho_marginal,UNKNOWN,schisto,UNKNOWN,UNKNOWN,al,regiao|contorno_sorteado|contorno|ent=0.680465|lc=0.896582|fg=0.000000|pm=0.457216|k=162-159-156-156|000300#100001,contorno_sorteado,labeled_marker,FLIM_lm,2,3,7,000196|000300|000186,sintetico,0.677075,0.595362,0.463599,0.0158959,,UNKNOWN,6.85,caad7489f6d7-sujo,UNKNOWN,UNKNOWN,ganho_marginal/pool40/val40/criterio,UNKNOWN,2026-10-06T20:05:59+00:00,6.85,,300
9944d5ad189c08a0,ganho_marginal,UNKNOWN,schisto,UNKNOWN,UNKNOWN,al,regiao|contorno_sorteado|contorno|ent=0.680465|lc=0.896582|fg=0.000000|pm=0.457216|k=162-159-156-156|000300#100001,contorno_sorteado,decoder_2,FLIM_pb,2,3,7,000196|000300|000186,sintetico,0.607705,0.625427,0.488168,0.0301917,,UNKNOWN,6.85,caad7489f6d7-sujo,UNKNOWN,UNKNOWN,ganho_marginal/pool40/val40/criterio,UNKNOWN,2026-10-06T20:05:59+00:00,6.85,,300
2a0e33812c124cb2,ganho_marginal,UNKNOWN,schisto,UNKNOWN,UNKNOWN,al,regiao|argmax_prob|objeto|ent=0.538315|lc=0.544837|fg=1.000000|pm=0.590800|k=200-174-150-150|000089#43,argmax_prob,labeled_marker,FLIM_lm,2,3,3,000296|000089|000054,sintetico,0.53674,0.485047,0.36688,0.0234666,,UNKNOWN,7.64,caad7489f6d7-sujo,UNKNOWN,UNKNOWN,ganho_marginal/pool40/val40/criterio,UNKNOWN,2026-10-06T20:06:12+00:00,7.64,,300
434baacffd929361,ganho_marginal,UNKNOWN,schisto,UNKNOWN,UNKNOWN,al,regiao|argmax_prob|objeto|ent=0.538315|lc=0.544837|fg=1.000000|pm=0.590800|k=200-174-150-150|000089#43,argmax_prob,decoder_2,FLIM_pb,2,3,3,000296|000089|000054,sintetico,0.52758,0.499402,0.384489,0.0259605,,UNKNOWN,7.64,caad7489f6d7-sujo,UNKNOWN,UNKNOWN,ganho_marginal/pool40/val40/criterio,UNKNOWN,2026-10-06T20:06:13+00:00,7.64,,300
29ee52135bf6603a,ganho_marginal,UNKNOWN,schisto,UNKNOWN,UNKNOWN,al,regiao|contorno_sorteado|contorno|ent=0.392595|lc=0.411150|fg=0.914826|pm=0.355642|k=162-159-153-153|000186#100000,contorno_sorteado,labeled_marker,FLIM_lm,2,3,7,000196|000300|000186,sintetico,0.699454,0.637659,0.49512,0.0169833,,UNKNOWN,6.64,caad7489f6d7-sujo,UNKNOWN,UNKNOWN,ganho_marginal/pool40/val40/criterio,UNKNOWN,2026-10-06T20:06:47+00:00,6.64,,300
5d5d7f18997b448f,ganho_marginal,UNKNOWN,schisto,UNKNOWN,UNKNOWN,al,regiao|contorno_sorteado|contorno|ent=0.392595|lc=0.411150|fg=0.914826|pm=0.355642|k=162-159-153-153|000186#100000,contorno_sorteado,decoder_2,FLIM_pb,2,3,7,000196|000300|000186,sintetico,0.573102,0.601713,0.459188,0.0332852,,UNKNOWN,6.64,caad7489f6d7-sujo,UNKNOWN,UNKNOWN,ganho_marginal/pool40/val40/criterio,UNKNOWN,2026-10-06T20:06:47+00:00,6.64,,300
02daa96d1cb278a3,ganho_marginal,UNKNOWN,schisto,UNKNOWN,UNKNOWN,al,regiao|sorteado|objeto|ent=0.000015|lc=0.000002|fg=0.017400|pm=0.000001|k=200-155-147-147|000054#74,sorteado,labeled_marker,FLIM_lm,2,3,3,000296|000089|000054,sintetico,0,0,0,0.0253377,,UNKNOWN,7.2,caad7489f6d7-sujo,UNKNOWN,UNKNOWN,ganho_marginal/pool40/val40/criterio,UNKNOWN,2026-10-06T20:07:02+00:00,7.2,,300
4d3f96c608eee2c0,ganho_marginal,UNKNOWN,schisto,UNKNOWN,UNKNOWN,al,regiao|sorteado|objeto|ent=0.000015|lc=0.000002|fg=0.017400|pm=0.000001|k=200-155-147-147|000054#74,sorteado,decoder_2,FLIM_pb,2,3,3,000296|000089|000054,sintetico,0.610118,0.582343,0.469861,0.0191123,,UNKNOWN,7.2,caad7489f6d7-sujo,UNKNOWN,UNKNOWN,ganho_marginal/pool40/val40/criterio,UNKNOWN,2026-10-06T20:07:02+00:00,7.2,,300
f102c238bfbb29f2,ganho_marginal,UNKNOWN,schisto,UNKNOWN,UNKNOWN,al,regiao|contorno_sorteado|contorno|ent=0.341884|lc=0.314683|fg=0.864353|pm=0.444542|k=159-156-147-147|000300#100011,contorno_sorteado,labeled_marker,FLIM_lm,2,3,7,000196|000300|000186,sintetico,0.694001,0.615637,0.476144,0.0168545,,UNKNOWN,6.51,caad7489f6d7-sujo,UNKNOWN,UNKNOWN,ganho_marginal/pool40/val40/criterio,UNKNOWN,2026-10-06T20:07:34+00:00,6.51,,300
97a7db789fe439db,ganho_marginal,UNKNOWN,schisto,UNKNOWN,UNKNOWN,al,regiao|contorno_sorteado|contorno|ent=0.341884|lc=0.314683|fg=0.864353|pm=0.444542|k=159-156-147-147|000300#100011,contorno_sorteado,decoder_2,FLIM_pb,2,3,7,000196|000300|000186,sintetico,0.523391,0.56215,0.419545,0.0396781,,UNKNOWN,6.51,caad7489f6d7-sujo,UNKNOWN,UNKNOWN,ganho_marginal/pool40/val40/criterio,UNKNOWN,2026-10-06T20:07:34+00:00,6.51,,300
dc8679f2e09f2a73,ganho_marginal,UNKNOWN,schisto,UNKNOWN,UNKNOWN,al,regiao|sorteado|objeto|ent=0.000015|lc=0.000002|fg=0.048806|pm=0.000001|k=200-161-153-153|000089#33,sorteado,labeled_marker,FLIM_lm,2,3,3,000296|000089|000054,sintetico,0.466419,0.377477,0.282997,0.0191966,,UNKNOWN,7.27,caad7489f6d7-sujo,UNKNOWN,UNKNOWN,ganho_marginal/pool40/val40/criterio,UNKNOWN,2026-10-06T20:07:53+00:00,7.27,,300
b79771b2024361d9,ganho_marginal,UNKNOWN,schisto,UNKNOWN,UNKNOWN,al,regiao|sorteado|objeto|ent=0.000015|lc=0.000002|fg=0.048806|pm=0.000001|k=200-161-153-153|000089#33,sorteado,decoder_2,FLIM_pb,2,3,3,000296|000089|000054,sintetico,0.48309,0.500165,0.377279,0.0321214,,UNKNOWN,7.27,caad7489f6d7-sujo,UNKNOWN,UNKNOWN,ganho_marginal/pool40/val40/criterio,UNKNOWN,2026-10-06T20:07:53+00:00,7.27,,300
31852d205f377ab0,ganho_marginal,UNKNOWN,schisto,UNKNOWN,UNKNOWN,al,regiao|contorno_sorteado|contorno|ent=0.351516|lc=0.386069|fg=0.000000|pm=0.243199|k=162-159-156-156|000300#100002,contorno_sorteado,labeled_marker,FLIM_lm,2,3,7,000196|000300|000186,sintetico,0.695432,0.618687,0.481255,0.016405,,UNKNOWN,6.6,caad7489f6d7-sujo,UNKNOWN,UNKNOWN,ganho_marginal/pool40/val40/criterio,UNKNOWN,2026-10-06T20:08:21+00:00,6.6,,300
5bc4614296a8e447,ganho_marginal,UNKNOWN,schisto,UNKNOWN,UNKNOWN,al,regiao|contorno_sorteado|contorno|ent=0.351516|lc=0.386069|fg=0.000000|pm=0.243199|k=162-159-156-156|000300#100002,contorno_sorteado,decoder_2,FLIM_pb,2,3,7,000196|000300|000186,sintetico,0.571762,0.598863,0.455795,0.0326694,,UNKNOWN,6.6,caad7489f6d7-sujo,UNKNOWN,UNKNOWN,ganho_marginal/pool40/val40/criterio,UNKNOWN,2026-10-06T20:08:21+00:00,6.6,,300
f56d146ba39038bf,ganho_marginal,UNKNOWN,schisto,UNKNOWN,UNKNOWN,al,regiao|sorteado|objeto|ent=0.000015|lc=0.000002|fg=0.022187|pm=0.000001|k=200-177-153-153|000089#17,sorteado,labeled_marker,FLIM_lm,2,3,3,000296|000089|000054,sintetico,0,0,0,0.0253377,,UNKNOWN,7.64,caad7489f6d7-sujo,UNKNOWN,UNKNOWN,ganho_marginal/pool40/val40/criterio,UNKNOWN,2026-10-06T20:08:46+00:00,7.64,,300
dc0f019c6574bc69,ganho_marginal,UNKNOWN,schisto,UNKNOWN,UNKNOWN,al,regiao|sorteado|objeto|ent=0.000015|lc=0.000002|fg=0.022187|pm=0.000001|k=200-177-153-153|000089#17,sorteado,decoder_2,FLIM_pb,2,3,3,000296|000089|000054,sintetico,0.538462,0.512918,0.406369,0.0221941,,UNKNOWN,7.64,caad7489f6d7-sujo,UNKNOWN,UNKNOWN,ganho_marginal/pool40/val40/criterio,UNKNOWN,2026-10-06T20:08:46+00:00,7.64,,300
357e7637f8fedfcc,ganho_marginal,UNKNOWN,schisto,UNKNOWN,UNKNOWN,al,regiao|argmax_ent_contorno|contorno|ent=0.680465|lc=0.896582|fg=0.000000|pm=0.457216|k=162-159-156-156|000300#100001,argmax_ent_contorno,labeled_marker,FLIM_lm,2,3,7,000196|000300|000186,sintetico,0.677138,0.595414,0.463674,0.0158886,,UNKNOWN,6.77,caad7489f6d7-sujo,UNKNOWN,UNKNOWN,ganho_marginal/pool40/val40/criterio,UNKNOWN,2026-10-06T20:09:09+00:00,6.77,,300
4ded609686328b9e,ganho_marginal,UNKNOWN,schisto,UNKNOWN,UNKNOWN,al,regiao|argmax_ent_contorno|contorno|ent=0.680465|lc=0.896582|fg=0.000000|pm=0.457216|k=162-159-156-156|000300#100001,argmax_ent_contorno,decoder_2,FLIM_pb,2,3,7,000196|000300|000186,sintetico,0.612692,0.628069,0.491045,0.0299461,,UNKNOWN,6.77,caad7489f6d7-sujo,UNKNOWN,UNKNOWN,ganho_marginal/pool40/val40/criterio,UNKNOWN,2026-10-06T20:09:09+00:00,6.77,,300
f28b01a15033019d,ganho_marginal,UNKNOWN,schisto,UNKNOWN,UNKNOWN,al,regiao|sorteado|objeto|ent=0.000015|lc=0.000002|fg=0.195372|pm=0.000001|k=200-196-150-150|000089#21,sorteado,labeled_marker,FLIM_lm,2,3,3,000296|000089|000054,sintetico,0.327822,0.275595,0.215353,0.0213064,,UNKNOWN,8.02,caad7489f6d7-sujo,UNKNOWN,UNKNOWN,ganho_marginal/pool40/val40/criterio,UNKNOWN,2026-10-06T20:09:42+00:00,8.02,,300
46bba14b541c58cd,ganho_marginal,UNKNOWN,schisto,UNKNOWN,UNKNOWN,al,regiao|sorteado|objeto|ent=0.000015|lc=0.000002|fg=0.195372|pm=0.000001|k=200-196-150-150|000089#21,sorteado,decoder_2,FLIM_pb,2,3,3,000296|000089|000054,sintetico,0.642363,0.633171,0.493414,0.0236181,,UNKNOWN,8.02,caad7489f6d7-sujo,UNKNOWN,UNKNOWN,ganho_marginal/pool40/val40/criterio,UNKNOWN,2026-10-06T20:09:42+00:00,8.02,,300
bd75730a72ac575f,ganho_marginal,UNKNOWN,schisto,UNKNOWN,UNKNOWN,flim,base|k=150-150-147-147,base,labeled_marker,FLIM_lm,2,3,8,000006|000300|000399,sintetico,0.387753,0.313433,0.22764,0.0198897,,UNKNOWN,5.76,caad7489f6d7-sujo,UNKNOWN,UNKNOWN,ganho_marginal/pool40/val40/criterio,UNKNOWN,2026-10-06T20:09:54+00:00,5.76,,0
a2ba07aaf72959b4,ganho_marginal,UNKNOWN,schisto,UNKNOWN,UNKNOWN,flim,base|k=150-150-147-147,base,decoder_2,FLIM_pb,2,3,8,000006|000300|000399,sintetico,0.556371,0.566738,0.444173,0.029667,,UNKNOWN,5.76,caad7489f6d7-sujo,UNKNOWN,UNKNOWN,ganho_marginal/pool40/val40/criterio,UNKNOWN,2026-10-06T20:09:54+00:00,5.76,,0
960b871501989ae7,ganho_marginal,UNKNOWN,schisto,UNKNOWN,UNKNOWN,al,regiao|sorteado|fundo|ent=0.000015|lc=0.000002|fg=0.000000|pm=0.000001|k=200-162-153-153|000296#21,sorteado,labeled_marker,FLIM_lm,2,3,3,000296|000089|000054,sintetico,0.283614,0.234658,0.179606,0.0209066,,UNKNOWN,7.85,caad7489f6d7-sujo,UNKNOWN,UNKNOWN,ganho_marginal/pool40/val40/criterio,UNKNOWN,2026-10-06T20:10:34+00:00,7.85,,300
c83f928bf2d9a440,ganho_marginal,UNKNOWN,schisto,UNKNOWN,UNKNOWN,al,regiao|sorteado|fundo|ent=0.000015|lc=0.000002|fg=0.000000|pm=0.000001|k=200-162-153-153|000296#21,sorteado,decoder_2,FLIM_pb,2,3,3,000296|000089|000054,sintetico,0.428144,0.463016,0.331535,0.0460481,,UNKNOWN,7.85,caad7489f6d7-sujo,UNKNOWN,UNKNOWN,ganho_marginal/pool40/val40/criterio,UNKNOWN,2026-10-06T20:10:34+00:00,7.85,,300
892eee4c1b6ea773,ganho_marginal,UNKNOWN,schisto,UNKNOWN,UNKNOWN,al,regiao|argmax_entropia|objeto|ent=0.501482|lc=0.520959|fg=1.000000|pm=0.500489|k=200-142-141-141|000300#63,argmax_entropia,labeled_marker,FLIM_lm,2,3,8,000006|000300|000399,sintetico,0.276213,0.218843,0.157393,0.0222489,,UNKNOWN,6.94,caad7489f6d7-sujo,UNKNOWN,UNKNOWN,ganho_marginal/pool40/val40/criterio,UNKNOWN,2026-10-06T20:10:45+00:00,6.94,,300
47acb465b11da6a9,ganho_marginal,UNKNOWN,schisto,UNKNOWN,UNKNOWN,al,regiao|argmax_entropia|objeto|ent=0.501482|lc=0.520959|fg=1.000000|pm=0.500489|k=200-142-141-141|000300#63,argmax_entropia,decoder_2,FLIM_pb,2,3,8,000006|000300|000399,sintetico,0.630782,0.615818,0.499778,0.0212206,,UNKNOWN,6.94,caad7489f6d7-sujo,UNKNOWN,UNKNOWN,ganho_marginal/pool40/val40/criterio,UNKNOWN,2026-10-06T20:10:45+00:00,6.94,,300
76c4884433c5fec4,ganho_marginal,UNKNOWN,schisto,UNKNOWN,UNKNOWN,al,regiao|sorteado|fundo|ent=0.000015|lc=0.000002|fg=0.000000|pm=0.000001|k=200-159-153-153|000296#15,sorteado,labeled_marker,FLIM_lm,2,3,3,000296|000089|000054,sintetico,0.162054,0.12343,0.0861215,0.0232303,,UNKNOWN,7.57,caad7489f6d7-sujo,UNKNOWN,UNKNOWN,ganho_marginal/pool40/val40/criterio,UNKNOWN,2026-10-06T20:11:24+00:00,7.57,,300
6d4030d3b21575f9,ganho_marginal,UNKNOWN,schisto,UNKNOWN,UNKNOWN,al,regiao|sorteado|fundo|ent=0.000015|lc=0.000002|fg=0.000000|pm=0.000001|k=200-159-153-153|000296#15,sorteado,decoder_2,FLIM_pb,2,3,3,000296|000089|000054,sintetico,0.623097,0.601328,0.49517,0.0182375,,UNKNOWN,7.57,caad7489f6d7-sujo,UNKNOWN,UNKNOWN,ganho_marginal/pool40/val40/criterio,UNKNOWN,2026-10-06T20:11:25+00:00,7.57,,300
3a01024f53f41819,ganho_marginal,UNKNOWN,schisto,UNKNOWN,UNKNOWN,al,regiao|argmax_lc|objeto|ent=0.501482|lc=0.520959|fg=1.000000|pm=0.500489|k=200-143-141-141|000300#63,argmax_lc,labeled_marker,FLIM_lm,2,3,8,000006|000300|000399,sintetico,0.286252,0.226298,0.164123,0.0219442,,UNKNOWN,7.08,caad7489f6d7-sujo,UNKNOWN,UNKNOWN,ganho_marginal/pool40/val40/criterio,UNKNOWN,2026-10-06T20:11:33+00:00,7.08,,300
ff8a73c9a2625029,ganho_marginal,UNKNOWN,schisto,UNKNOWN,UNKNOWN,al,regiao|argmax_lc|objeto|ent=0.501482|lc=0.520959|fg=1.000000|pm=0.500489|k=200-143-141-141|000300#63,argmax_lc,decoder_2,FLIM_pb,2,3,8,000006|000300|000399,sintetico,0.624807,0.620236,0.491186,0.0230777,,UNKNOWN,7.08,caad7489f6d7-sujo,UNKNOWN,UNKNOWN,ganho_marginal/pool40/val40/criterio,UNKNOWN,2026-10-06T20:11:33+00:00,7.08,,300
bdaad9cad410af33,ganho_marginal,UNKNOWN,schisto,UNKNOWN,UNKNOWN,al,regiao|sorteado|fundo|ent=0.000015|lc=0.000002|fg=0.000000|pm=0.000001|k=200-156-150-150|000089#7,sorteado,labeled_marker,FLIM_lm,2,3,3,000296|000089|000054,sintetico,0,0,0,0.0253377,,UNKNOWN,7.58,caad7489f6d7-sujo,UNKNOWN,UNKNOWN,ganho_marginal/pool40/val40/criterio,UNKNOWN,2026-10-06T20:12:15+00:00,7.58,,300
4984897aca63f101,ganho_marginal,UNKNOWN,schisto,UNKNOWN,UNKNOWN,al,regiao|sorteado|fundo|ent=0.000015|lc=0.000002|fg=0.000000|pm=0.000001|k=200-156-150-150|000089#7,sorteado,decoder_2,FLIM_pb,2,3,3,000296|000089|000054,sintetico,0.541406,0.491884,0.385157,0.0189016,,UNKNOWN,7.58,caad7489f6d7-sujo,UNKNOWN,UNKNOWN,ganho_marginal/pool40/val40/criterio,UNKNOWN,2026-10-06T20:12:15+00:00,7.58,,300
403b8efe20269a4f,ganho_marginal,UNKNOWN,schisto,UNKNOWN,UNKNOWN,al,regiao|argmax_prob|objeto|ent=0.501482|lc=0.520959|fg=1.000000|pm=0.500489|k=200-141-141-141|000300#63,argmax_prob,labeled_marker,FLIM_lm,2,3,8,000006|000300|000399,sintetico,0.189659,0.148578,0.106335,0.0225752,,UNKNOWN,6.97,caad7489f6d7-sujo,UNKNOWN,UNKNOWN,ganho_marginal/pool40/val40/criterio,UNKNOWN,2026-10-06T20:12:21+00:00,6.97,,300
c04be7f6205f9de3,ganho_marginal,UNKNOWN,schisto,UNKNOWN,UNKNOWN,al,regiao|argmax_prob|objeto|ent=0.501482|lc=0.520959|fg=1.000000|pm=0.500489|k=200-141-141-141|000300#63,argmax_prob,decoder_2,FLIM_pb,2,3,8,000006|000300|000399,sintetico,0.604991,0.596215,0.477964,0.0223167,,UNKNOWN,6.97,caad7489f6d7-sujo,UNKNOWN,UNKNOWN,ganho_marginal/pool40/val40/criterio,UNKNOWN,2026-10-06T20:12:21+00:00,6.97,,300
8655670aa44ef2a7,ganho_marginal,UNKNOWN,schisto,UNKNOWN,UNKNOWN,al,regiao|sorteado|fundo|ent=0.000015|lc=0.000002|fg=0.000000|pm=0.000001|k=200-161-150-150|000054#101,sorteado,labeled_marker,FLIM_lm,2,3,3,000296|000089|000054,sintetico,0,0,0,0.0253377,,UNKNOWN,7.29,caad7489f6d7-sujo,UNKNOWN,UNKNOWN,ganho_marginal/pool40/val40/criterio,UNKNOWN,2026-10-06T20:13:06+00:00,7.29,,300
9c2486620c96abe3,ganho_marginal,UNKNOWN,schisto,UNKNOWN,UNKNOWN,al,regiao|sorteado|fundo|ent=0.000015|lc=0.000002|fg=0.000000|pm=0.000001|k=200-161-150-150|000054#101,sorteado,decoder_2,FLIM_pb,2,3,3,000296|000089|000054,sintetico,0.516755,0.499114,0.388488,0.0225203,,UNKNOWN,7.29,caad7489f6d7-sujo,UNKNOWN,UNKNOWN,ganho_marginal/pool40/val40/criterio,UNKNOWN,2026-10-06T20:13:06+00:00,7.29,,300
12cc3019297ae357,ganho_marginal,UNKNOWN,schisto,UNKNOWN,UNKNOWN,al,regiao|sorteado|objeto|ent=0.000015|lc=0.000002|fg=0.075796|pm=0.000001|k=200-153-147-147|000399#34,sorteado,labeled_marker,FLIM_lm,2,3,8,000006|000300|000399,sintetico,0,0,0,0.0253377,,UNKNOWN,7.38,caad7489f6d7-sujo,UNKNOWN,UNKNOWN,ganho_marginal/pool40/val40/criterio,UNKNOWN,2026-10-06T20:13:10+00:00,7.38,,300
c87977ec2545bb57,ganho_marginal,UNKNOWN,schisto,UNKNOWN,UNKNOWN,al,regiao|sorteado|objeto|ent=0.000015|lc=0.000002|fg=0.075796|pm=0.000001|k=200-153-147-147|000399#34,sorteado,decoder_2,FLIM_pb,2,3,8,000006|000300|000399,sintetico,0.576398,0.55322,0.453604,0.0181522,,UNKNOWN,7.38,caad7489f6d7-sujo,UNKNOWN,UNKNOWN,ganho_marginal/pool40/val40/criterio,UNKNOWN,2026-10-06T20:13:11+00:00,7.38,,300
bb0934286ed66066,ganho_marginal,UNKNOWN,schisto,UNKNOWN,UNKNOWN,al,regiao|contorno_sorteado|contorno|ent=0.487449|lc=0.586089|fg=1.000000|pm=0.366131|k=153-153-150-150|000054#100001,contorno_sorteado,labeled_marker,FLIM_lm,2,3,3,000296|000089|000054,sintetico,0.242731,0.189646,0.13615,0.02191,,UNKNOWN,5.89,caad7489f6d7-sujo,UNKNOWN,UNKNOWN,ganho_marginal/pool40/val40/criterio,UNKNOWN,2026-10-06T20:13:52+00:00,5.89,,300
d828bbe5b29323b5,ganho_marginal,UNKNOWN,schisto,UNKNOWN,UNKNOWN,al,regiao|contorno_sorteado|contorno|ent=0.487449|lc=0.586089|fg=1.000000|pm=0.366131|k=153-153-150-150|000054#100001,contorno_sorteado,decoder_2,FLIM_pb,2,3,3,000296|000089|000054,sintetico,0.60806,0.593658,0.478232,0.0206872,,UNKNOWN,5.89,caad7489f6d7-sujo,UNKNOWN,UNKNOWN,ganho_marginal/pool40/val40/criterio,UNKNOWN,2026-10-06T20:13:52+00:00,5.89,,300
6491dc99e858b4fc,ganho_marginal,UNKNOWN,schisto,UNKNOWN,UNKNOWN,al,regiao|sorteado|objeto|ent=0.000015|lc=0.000002|fg=0.014388|pm=0.000001|k=200-162-144-144|000006#99,sorteado,labeled_marker,FLIM_lm,2,3,8,000006|000300|000399,sintetico,0.170147,0.124333,0.0830376,0.023463,,UNKNOWN,7.04,caad7489f6d7-sujo,UNKNOWN,UNKNOWN,ganho_marginal/pool40/val40/criterio,UNKNOWN,2026-10-06T20:14:01+00:00,7.04,,300
2182d2014169dac5,ganho_marginal,UNKNOWN,schisto,UNKNOWN,UNKNOWN,al,regiao|sorteado|objeto|ent=0.000015|lc=0.000002|fg=0.014388|pm=0.000001|k=200-162-144-144|000006#99,sorteado,decoder_2,FLIM_pb,2,3,8,000006|000300|000399,sintetico,0.393397,0.44173,0.326969,0.0588688,,UNKNOWN,7.04,caad7489f6d7-sujo,UNKNOWN,UNKNOWN,ganho_marginal/pool40/val40/criterio,UNKNOWN,2026-10-06T20:14:01+00:00,7.04,,300
77f90d892a87a29c,ganho_marginal,UNKNOWN,schisto,UNKNOWN,UNKNOWN,al,regiao|contorno_sorteado|contorno|ent=0.570808|lc=0.649198|fg=1.000000|pm=0.415712|k=160-156-147-147|000054#100002,contorno_sorteado,labeled_marker,FLIM_lm,2,3,3,000296|000089|000054,sintetico,0.299656,0.245205,0.18502,0.0210887,,UNKNOWN,6.46,caad7489f6d7-sujo,UNKNOWN,UNKNOWN,ganho_marginal/pool40/val40/criterio,UNKNOWN,2026-10-06T20:14:39+00:00,6.46,,300
1bfde25aae0a3b82,ganho_marginal,UNKNOWN,schisto,UNKNOWN,UNKNOWN,al,regiao|contorno_sorteado|contorno|ent=0.570808|lc=0.649198|fg=1.000000|pm=0.415712|k=160-156-147-147|000054#100002,contorno_sorteado,decoder_2,FLIM_pb,2,3,3,000296|000089|000054,sintetico,0.602345,0.586024,0.469546,0.0215263,,UNKNOWN,6.46,caad7489f6d7-sujo,UNKNOWN,UNKNOWN,ganho_marginal/pool40/val40/criterio,UNKNOWN,2026-10-06T20:14:40+00:00,6.46,,300
0ce60dba69d93011,ganho_marginal,UNKNOWN,schisto,UNKNOWN,UNKNOWN,al,regiao|sorteado|objeto|ent=0.035901|lc=0.027852|fg=0.961728|pm=0.013926|k=200-149-141-141|000300#62,sorteado,labeled_marker,FLIM_lm,2,3,8,000006|000300|000399,sintetico,0.475536,0.399615,0.30005,0.0193719,,UNKNOWN,7.01,caad7489f6d7-sujo,UNKNOWN,UNKNOWN,ganho_marginal/pool40/val40/criterio,UNKNOWN,2026-10-06T20:14:49+00:00,7.01,,300
c7f7069b20939417,ganho_marginal,UNKNOWN,schisto,UNKNOWN,UNKNOWN,al,regiao|sorteado|objeto|ent=0.035901|lc=0.027852|fg=0.961728|pm=0.013926|k=200-149-141-141|000300#62,sorteado,decoder_2,FLIM_pb,2,3,8,000006|000300|000399,sintetico,0.443631,0.477907,0.347393,0.0435167,,UNKNOWN,7.01,caad7489f6d7-sujo,UNKNOWN,UNKNOWN,ganho_marginal/pool40/val40/criterio,UNKNOWN,2026-10-06T20:14:49+00:00,7.01,,300
1bd82b132a9c4dc6,ganho_marginal,UNKNOWN,schisto,UNKNOWN,UNKNOWN,al,regiao|contorno_sorteado|contorno|ent=0.466007|lc=0.475771|fg=1.000000|pm=0.552369|k=156-153-150-150|000089#100000,contorno_sorteado,labeled_marker,FLIM_lm,2,3,3,000296|000089|000054,sintetico,0.289846,0.231941,0.170877,0.0210681,,UNKNOWN,6.37,caad7489f6d7-sujo,UNKNOWN,UNKNOWN,ganho_marginal/pool40/val40/criterio,UNKNOWN,2026-10-06T20:15:26+00:00,6.37,,300
94621acf71b6ddd0,ganho_marginal,UNKNOWN,schisto,UNKNOWN,UNKNOWN,al,regiao|contorno_sorteado|contorno|ent=0.466007|lc=0.475771|fg=1.000000|pm=0.552369|k=156-153-150-150|000089#100000,contorno_sorteado,decoder_2,FLIM_pb,2,3,3,000296|000089|000054,sintetico,0.592498,0.583314,0.464073,0.0217502,,UNKNOWN,6.37,caad7489f6d7-sujo,UNKNOWN,UNKNOWN,ganho_marginal/pool40/val40/criterio,UNKNOWN,2026-10-06T20:15:26+00:00,6.37,,300
b3b371c1985f4fb6,ganho_marginal,UNKNOWN,schisto,UNKNOWN,UNKNOWN,al,regiao|sorteado|objeto|ent=0.310174|lc=0.296277|fg=1.000000|pm=0.279523|k=200-149-141-141|000006#114,sorteado,labeled_marker,FLIM_lm,2,3,8,000006|000300|000399,sintetico,0.679961,0.594573,0.455182,0.0169494,,UNKNOWN,6.97,caad7489f6d7-sujo,UNKNOWN,UNKNOWN,ganho_marginal/pool40/val40/criterio,UNKNOWN,2026-10-06T20:15:37+00:00,6.97,,300
8ee6ef0ec71e529f,ganho_marginal,UNKNOWN,schisto,UNKNOWN,UNKNOWN,al,regiao|sorteado|objeto|ent=0.310174|lc=0.296277|fg=1.000000|pm=0.279523|k=200-149-141-141|000006#114,sorteado,decoder_2,FLIM_pb,2,3,8,000006|000300|000399,sintetico,0.611796,0.608967,0.476532,0.0275938,,UNKNOWN,6.97,caad7489f6d7-sujo,UNKNOWN,UNKNOWN,ganho_marginal/pool40/val40/criterio,UNKNOWN,2026-10-06T20:15:37+00:00,6.97,,300
1f6ff9b481cedda4,ganho_marginal,UNKNOWN,schisto,UNKNOWN,UNKNOWN,al,regiao|contorno_sorteado|contorno|ent=0.481926|lc=0.529850|fg=1.000000|pm=0.454274|k=153-150-150-150|000054#100000,contorno_sorteado,labeled_marker,FLIM_lm,2,3,3,000296|000089|000054,sintetico,0.235234,0.180734,0.127745,0.0221292,,UNKNOWN,6.35,caad7489f6d7-sujo,UNKNOWN,UNKNOWN,ganho_marginal/pool40/val40/criterio,UNKNOWN,2026-10-06T20:16:11+00:00,6.35,,300
2496380542468907,ganho_marginal,UNKNOWN,schisto,UNKNOWN,UNKNOWN,al,regiao|contorno_sorteado|contorno|ent=0.481926|lc=0.529850|fg=1.000000|pm=0.454274|k=153-150-150-150|000054#100000,contorno_sorteado,decoder_2,FLIM_pb,2,3,3,000296|000089|000054,sintetico,0.624506,0.602094,0.486941,0.0194691,,UNKNOWN,6.35,caad7489f6d7-sujo,UNKNOWN,UNKNOWN,ganho_marginal/pool40/val40/criterio,UNKNOWN,2026-10-06T20:16:12+00:00,6.35,,300
ac8753bfb75054e3,ganho_marginal,UNKNOWN,schisto,UNKNOWN,UNKNOWN,al,regiao|sorteado|fundo|ent=0.000015|lc=0.000002|fg=0.000000|pm=0.000001|k=200-173-150-150|000006#18,sorteado,labeled_marker,FLIM_lm,2,3,8,000006|000300|000399,sintetico,0.293928,0.234216,0.167941,0.0213592,,UNKNOWN,7.41,caad7489f6d7-sujo,UNKNOWN,UNKNOWN,ganho_marginal/pool40/val40/criterio,UNKNOWN,2026-10-06T20:16:29+00:00,7.41,,300
95a2abf301688570,ganho_marginal,UNKNOWN,schisto,UNKNOWN,UNKNOWN,al,regiao|sorteado|fundo|ent=0.000015|lc=0.000002|fg=0.000000|pm=0.000001|k=200-173-150-150|000006#18,sorteado,decoder_2,FLIM_pb,2,3,8,000006|000300|000399,sintetico,0.361766,0.387579,0.274273,0.0523658,,UNKNOWN,7.41,caad7489f6d7-sujo,UNKNOWN,UNKNOWN,ganho_marginal/pool40/val40/criterio,UNKNOWN,2026-10-06T20:16:29+00:00,7.41,,300
992b378fe1f249d1,ganho_marginal,UNKNOWN,schisto,UNKNOWN,UNKNOWN,al,regiao|contorno_sorteado|contorno|ent=0.470851|lc=0.496658|fg=1.000000|pm=0.386769|k=156-153-147-147|000089#100003,contorno_sorteado,labeled_marker,FLIM_lm,2,3,3,000296|000089|000054,sintetico,0.269346,0.214373,0.156782,0.0214239,,UNKNOWN,6.28,caad7489f6d7-sujo,UNKNOWN,UNKNOWN,ganho_marginal/pool40/val40/criterio,UNKNOWN,2026-10-06T20:16:58+00:00,6.28,,300
2e2589d878c68a4d,ganho_marginal,UNKNOWN,schisto,UNKNOWN,UNKNOWN,al,regiao|contorno_sorteado|contorno|ent=0.470851|lc=0.496658|fg=1.000000|pm=0.386769|k=156-153-147-147|000089#100003,contorno_sorteado,decoder_2,FLIM_pb,2,3,3,000296|000089|000054,sintetico,0.568193,0.558579,0.443815,0.0221567,,UNKNOWN,6.28,caad7489f6d7-sujo,UNKNOWN,UNKNOWN,ganho_marginal/pool40/val40/criterio,UNKNOWN,2026-10-06T20:16:58+00:00,6.28,,300
2b2c8aa34954cdfd,ganho_marginal,UNKNOWN,schisto,UNKNOWN,UNKNOWN,al,regiao|sorteado|fundo|ent=0.000015|lc=0.000002|fg=0.000000|pm=0.000001|k=200-154-150-150|000006#117,sorteado,labeled_marker,FLIM_lm,2,3,8,000006|000300|000399,sintetico,0.38995,0.316234,0.229865,0.0205864,,UNKNOWN,7.1,caad7489f6d7-sujo,UNKNOWN,UNKNOWN,ganho_marginal/pool40/val40/criterio,UNKNOWN,2026-10-06T20:17:19+00:00,7.1,,300
4463d9ec27efe341,ganho_marginal,UNKNOWN,schisto,UNKNOWN,UNKNOWN,al,regiao|sorteado|fundo|ent=0.000015|lc=0.000002|fg=0.000000|pm=0.000001|k=200-154-150-150|000006#117,sorteado,decoder_2,FLIM_pb,2,3,8,000006|000300|000399,sintetico,0.687038,0.689707,0.567031,0.0250169,,UNKNOWN,7.1,caad7489f6d7-sujo,UNKNOWN,UNKNOWN,ganho_marginal/pool40/val40/criterio,UNKNOWN,2026-10-06T20:17:19+00:00,7.1,,300
7df3c89d0f21b26a,ganho_marginal,UNKNOWN,schisto,UNKNOWN,UNKNOWN,al,regiao|contorno_sorteado|contorno|ent=0.355638|lc=0.358113|fg=1.000000|pm=0.406756|k=156-153-150-150|000089#100005,contorno_sorteado,labeled_marker,FLIM_lm,2,3,3,000296|000089|000054,sintetico,0.250588,0.199633,0.146081,0.0216508,,UNKNOWN,6.82,caad7489f6d7-sujo,UNKNOWN,UNKNOWN,ganho_marginal/pool40/val40/criterio,UNKNOWN,2026-10-06T20:17:45+00:00,6.82,,300
34c33c6c18c057ff,ganho_marginal,UNKNOWN,schisto,UNKNOWN,UNKNOWN,al,regiao|contorno_sorteado|contorno|ent=0.355638|lc=0.358113|fg=1.000000|pm=0.406756|k=156-153-150-150|000089#100005,contorno_sorteado,decoder_2,FLIM_pb,2,3,3,000296|000089|000054,sintetico,0.589481,0.578796,0.46008,0.0214086,,UNKNOWN,6.82,caad7489f6d7-sujo,UNKNOWN,UNKNOWN,ganho_marginal/pool40/val40/criterio,UNKNOWN,2026-10-06T20:17:45+00:00,6.82,,300
dc4ec7dacf93b70d,ganho_marginal,UNKNOWN,schisto,UNKNOWN,UNKNOWN,al,regiao|sorteado|fundo|ent=0.000015|lc=0.000002|fg=0.000000|pm=0.000001|k=200-153-150-150|000006#89,sorteado,labeled_marker,FLIM_lm,2,3,8,000006|000300|000399,sintetico,0,0,0,0.0253377,,UNKNOWN,7.31,caad7489f6d7-sujo,UNKNOWN,UNKNOWN,ganho_marginal/pool40/val40/criterio,UNKNOWN,2026-10-06T20:18:08+00:00,7.31,,300
ecba576694676b3c,ganho_marginal,UNKNOWN,schisto,UNKNOWN,UNKNOWN,al,regiao|sorteado|fundo|ent=0.000015|lc=0.000002|fg=0.000000|pm=0.000001|k=200-153-150-150|000006#89,sorteado,decoder_2,FLIM_pb,2,3,8,000006|000300|000399,sintetico,0.578826,0.540489,0.425105,0.0194719,,UNKNOWN,7.31,caad7489f6d7-sujo,UNKNOWN,UNKNOWN,ganho_marginal/pool40/val40/criterio,UNKNOWN,2026-10-06T20:18:08+00:00,7.31,,300
8c6ea26a5f32bba7,ganho_marginal,UNKNOWN,schisto,UNKNOWN,UNKNOWN,al,regiao|contorno_sorteado|contorno|ent=0.406866|lc=0.448513|fg=0.996845|pm=0.325325|k=159-156-153-153|000089#100004,contorno_sorteado,labeled_marker,FLIM_lm,2,3,3,000296|000089|000054,sintetico,0.298257,0.243215,0.182774,0.0209372,,UNKNOWN,6.86,caad7489f6d7-sujo,UNKNOWN,UNKNOWN,ganho_marginal/pool40/val40/criterio,UNKNOWN,2026-10-06T20:18:33+00:00,6.86,,300
0ab2138946dcaf7e,ganho_marginal,UNKNOWN,schisto,UNKNOWN,UNKNOWN,al,regiao|contorno_sorteado|contorno|ent=0.406866|lc=0.448513|fg=0.996845|pm=0.325325|k=159-156-153-153|000089#100004,contorno_sorteado,decoder_2,FLIM_pb,2,3,3,000296|000089|000054,sintetico,0.597443,0.584054,0.466838,0.0215873,,UNKNOWN,6.86,caad7489f6d7-sujo,UNKNOWN,UNKNOWN,ganho_marginal/pool40/val40/criterio,UNKNOWN,2026-10-06T20:18:33+00:00,6.86,,300
6d0a09bc4f6f9725,ganho_marginal,UNKNOWN,schisto,UNKNOWN,UNKNOWN,al,regiao|sorteado|fundo|ent=0.000015|lc=0.000002|fg=0.000000|pm=0.000001|k=200-155-150-150|000300#19,sorteado,labeled_marker,FLIM_lm,2,3,8,000006|000300|000399,sintetico,0,0,0,0.0253377,,UNKNOWN,7.53,caad7489f6d7-sujo,UNKNOWN,UNKNOWN,ganho_marginal/pool40/val40/criterio,UNKNOWN,2026-10-06T20:18:57+00:00,7.53,,300
f0e1992468003e83,ganho_marginal,UNKNOWN,schisto,UNKNOWN,UNKNOWN,al,regiao|sorteado|fundo|ent=0.000015|lc=0.000002|fg=0.000000|pm=0.000001|k=200-155-150-150|000300#19,sorteado,decoder_2,FLIM_pb,2,3,8,000006|000300|000399,sintetico,0.618513,0.582291,0.468731,0.0173892,,UNKNOWN,7.53,caad7489f6d7-sujo,UNKNOWN,UNKNOWN,ganho_marginal/pool40/val40/criterio,UNKNOWN,2026-10-06T20:18:58+00:00,7.53,,300
a8c23de38b3c064a,ganho_marginal,UNKNOWN,schisto,UNKNOWN,UNKNOWN,al,regiao|contorno_sorteado|contorno|ent=0.502865|lc=0.557652|fg=1.000000|pm=0.431000|k=159-156-153-153|000089#100006,contorno_sorteado,labeled_marker,FLIM_lm,2,3,3,000296|000089|000054,sintetico,0.295917,0.240062,0.179444,0.020853,,UNKNOWN,6.59,caad7489f6d7-sujo,UNKNOWN,UNKNOWN,ganho_marginal/pool40/val40/criterio,UNKNOWN,2026-10-06T20:19:20+00:00,6.59,,300
b7f306539c50db52,ganho_marginal,UNKNOWN,schisto,UNKNOWN,UNKNOWN,al,regiao|contorno_sorteado|contorno|ent=0.502865|lc=0.557652|fg=1.000000|pm=0.431000|k=159-156-153-153|000089#100006,contorno_sorteado,decoder_2,FLIM_pb,2,3,3,000296|000089|000054,sintetico,0.608651,0.590565,0.475359,0.0210113,,UNKNOWN,6.59,caad7489f6d7-sujo,UNKNOWN,UNKNOWN,ganho_marginal/pool40/val40/criterio,UNKNOWN,2026-10-06T20:19:20+00:00,6.59,,300
6bfaef6fe7fed1e7,ganho_marginal,UNKNOWN,schisto,UNKNOWN,UNKNOWN,al,regiao|contorno_sorteado|contorno|ent=0.105059|lc=0.104009|fg=0.000000|pm=0.052093|k=153-153-150-150|000300#100002,contorno_sorteado,labeled_marker,FLIM_lm,2,3,8,000006|000300|000399,sintetico,0.292718,0.231999,0.165741,0.0212764,,UNKNOWN,6.47,caad7489f6d7-sujo,UNKNOWN,UNKNOWN,ganho_marginal/pool40/val40/criterio,UNKNOWN,2026-10-06T20:19:43+00:00,6.47,,300
2025cc3a7f0f874f,ganho_marginal,UNKNOWN,schisto,UNKNOWN,UNKNOWN,al,regiao|contorno_sorteado|contorno|ent=0.105059|lc=0.104009|fg=0.000000|pm=0.052093|k=153-153-150-150|000300#100002,contorno_sorteado,decoder_2,FLIM_pb,2,3,8,000006|000300|000399,sintetico,0.532563,0.543863,0.427264,0.0295509,,UNKNOWN,6.47,caad7489f6d7-sujo,UNKNOWN,UNKNOWN,ganho_marginal/pool40/val40/criterio,UNKNOWN,2026-10-06T20:19:44+00:00,6.47,,300
0d16cd7bd5f1c1ab,ganho_marginal,UNKNOWN,schisto,UNKNOWN,UNKNOWN,al,regiao|argmax_ent_contorno|contorno|ent=0.570808|lc=0.649198|fg=1.000000|pm=0.415712|k=159-156-147-147|000054#100002,argmax_ent_contorno,labeled_marker,FLIM_lm,2,3,3,000296|000089|000054,sintetico,0.29941,0.244858,0.184635,0.0210945,,UNKNOWN,6.28,caad7489f6d7-sujo,UNKNOWN,UNKNOWN,ganho_marginal/pool40/val40/criterio,UNKNOWN,2026-10-06T20:20:06+00:00,6.28,,300
a7a5e9cc4cdf7e46,ganho_marginal,UNKNOWN,schisto,UNKNOWN,UNKNOWN,al,regiao|argmax_ent_contorno|contorno|ent=0.570808|lc=0.649198|fg=1.000000|pm=0.415712|k=159-156-147-147|000054#100002,argmax_ent_contorno,decoder_2,FLIM_pb,2,3,3,000296|000089|000054,sintetico,0.603061,0.587035,0.470663,0.0214795,,UNKNOWN,6.28,caad7489f6d7-sujo,UNKNOWN,UNKNOWN,ganho_marginal/pool40/val40/criterio,UNKNOWN,2026-10-06T20:20:06+00:00,6.28,,300
221f2b202a5701ab,ganho_marginal,UNKNOWN,schisto,UNKNOWN,UNKNOWN,al,regiao|contorno_sorteado|contorno|ent=0.497893|lc=0.527457|fg=1.000000|pm=0.427713|k=147-147-144-144|000006#100002,contorno_sorteado,labeled_marker,FLIM_lm,2,3,8,000006|000300|000399,sintetico,0.290814,0.229704,0.163551,0.0213314,,UNKNOWN,5.94,caad7489f6d7-sujo,UNKNOWN,UNKNOWN,ganho_marginal/pool40/val40/criterio,UNKNOWN,2026-10-06T20:20:27+00:00,5.94,,300
9a29fcd9bb0a5c09,ganho_marginal,UNKNOWN,schisto,UNKNOWN,UNKNOWN,al,regiao|contorno_sorteado|contorno|ent=0.497893|lc=0.527457|fg=1.000000|pm=0.427713|k=147-147-144-144|000006#100002,contorno_sorteado,decoder_2,FLIM_pb,2,3,8,000006|000300|000399,sintetico,0.557473,0.562536,0.440933,0.028008,,UNKNOWN,5.94,caad7489f6d7-sujo,UNKNOWN,UNKNOWN,ganho_marginal/pool40/val40/criterio,UNKNOWN,2026-10-06T20:20:28+00:00,5.94,,300
91c75c4431dd5e60,ganho_marginal,UNKNOWN,schisto,UNKNOWN,UNKNOWN,flim,base|k=168-162-153-153,base,labeled_marker,FLIM_lm,2,3,4,000407|000523|000132,sintetico,0.606947,0.537489,0.419072,0.0185691,,UNKNOWN,6.49,caad7489f6d7-sujo,UNKNOWN,UNKNOWN,ganho_marginal/pool40/val40/criterio,UNKNOWN,2026-10-06T20:20:54+00:00,6.49,,0
346bcb4941952dba,ganho_marginal,UNKNOWN,schisto,UNKNOWN,UNKNOWN,flim,base|k=168-162-153-153,base,decoder_2,FLIM_pb,2,3,4,000407|000523|000132,sintetico,0.532827,0.536457,0.415848,0.0269414,,UNKNOWN,6.49,caad7489f6d7-sujo,UNKNOWN,UNKNOWN,ganho_marginal/pool40/val40/criterio,UNKNOWN,2026-10-06T20:20:55+00:00,6.49,,0
1a63b7a6ffc029c0,ganho_marginal,UNKNOWN,schisto,UNKNOWN,UNKNOWN,al,regiao|contorno_sorteado|contorno|ent=0.422008|lc=0.437770|fg=0.911672|pm=0.433501|k=150-150-147-147|000006#100000,contorno_sorteado,labeled_marker,FLIM_lm,2,3,8,000006|000300|000399,sintetico,0.312311,0.248444,0.178553,0.0209461,,UNKNOWN,5.96,caad7489f6d7-sujo,UNKNOWN,UNKNOWN,ganho_marginal/pool40/val40/criterio,UNKNOWN,2026-10-06T20:21:12+00:00,5.96,,300
fb64612d5fc5a5ca,ganho_marginal,UNKNOWN,schisto,UNKNOWN,UNKNOWN,al,regiao|contorno_sorteado|contorno|ent=0.422008|lc=0.437770|fg=0.911672|pm=0.433501|k=150-150-147-147|000006#100000,contorno_sorteado,decoder_2,FLIM_pb,2,3,8,000006|000300|000399,sintetico,0.558509,0.564047,0.443492,0.0278562,,UNKNOWN,5.96,caad7489f6d7-sujo,UNKNOWN,UNKNOWN,ganho_marginal/pool40/val40/criterio,UNKNOWN,2026-10-06T20:21:12+00:00,5.96,,300
403ae866542676a3,ganho_marginal,UNKNOWN,schisto,UNKNOWN,UNKNOWN,al,regiao|argmax_entropia|objeto|ent=0.546638|lc=0.573476|fg=1.000000|pm=0.541165|k=200-159-150-150|000132#110,argmax_entropia,labeled_marker,FLIM_lm,2,3,4,000407|000523|000132,sintetico,0.651203,0.587358,0.468593,0.0178253,,UNKNOWN,7.51,caad7489f6d7-sujo,UNKNOWN,UNKNOWN,ganho_marginal/pool40/val40/criterio,UNKNOWN,2026-10-06T20:21:48+00:00,7.51,,300
ceb031d6746e3bcf,ganho_marginal,UNKNOWN,schisto,UNKNOWN,UNKNOWN,al,regiao|argmax_entropia|objeto|ent=0.546638|lc=0.573476|fg=1.000000|pm=0.541165|k=200-159-150-150|000132#110,argmax_entropia,decoder_2,FLIM_pb,2,3,4,000407|000523|000132,sintetico,0.606863,0.579702,0.460132,0.0208842,,UNKNOWN,7.51,caad7489f6d7-sujo,UNKNOWN,UNKNOWN,ganho_marginal/pool40/val40/criterio,UNKNOWN,2026-10-06T20:21:48+00:00,7.51,,300
dc336a708a623b71,ganho_marginal,UNKNOWN,schisto,UNKNOWN,UNKNOWN,al,regiao|contorno_sorteado|contorno|ent=0.367657|lc=0.390653|fg=0.962145|pm=0.365429|k=153-150-147-147|000399#100004,contorno_sorteado,labeled_marker,FLIM_lm,2,3,8,000006|000300|000399,sintetico,0.425606,0.344039,0.250014,0.0196328,,UNKNOWN,6.38,caad7489f6d7-sujo,UNKNOWN,UNKNOWN,ganho_marginal/pool40/val40/criterio,UNKNOWN,2026-10-06T20:21:57+00:00,6.38,,300
6122d09c1739055a,ganho_marginal,UNKNOWN,schisto,UNKNOWN,UNKNOWN,al,regiao|contorno_sorteado|contorno|ent=0.367657|lc=0.390653|fg=0.962145|pm=0.365429|k=153-150-147-147|000399#100004,contorno_sorteado,decoder_2,FLIM_pb,2,3,8,000006|000300|000399,sintetico,0.554993,0.568636,0.439427,0.029222,,UNKNOWN,6.38,caad7489f6d7-sujo,UNKNOWN,UNKNOWN,ganho_marginal/pool40/val40/criterio,UNKNOWN,2026-10-06T20:21:57+00:00,6.38,,300
69811d9e4123d365,ganho_marginal,UNKNOWN,schisto,UNKNOWN,UNKNOWN,al,regiao|argmax_lc|objeto|ent=0.546638|lc=0.573476|fg=1.000000|pm=0.541165|k=200-161-150-150|000132#110,argmax_lc,labeled_marker,FLIM_lm,2,3,4,000407|000523|000132,sintetico,0.642311,0.583117,0.464094,0.0184761,,UNKNOWN,7.54,caad7489f6d7-sujo,UNKNOWN,UNKNOWN,ganho_marginal/pool40/val40/criterio,UNKNOWN,2026-10-06T20:22:40+00:00,7.54,,300
bcac326a5f5349dc,ganho_marginal,UNKNOWN,schisto,UNKNOWN,UNKNOWN,al,regiao|argmax_lc|objeto|ent=0.546638|lc=0.573476|fg=1.000000|pm=0.541165|k=200-161-150-150|000132#110,argmax_lc,decoder_2,FLIM_pb,2,3,4,000407|000523|000132,sintetico,0.620567,0.587455,0.470526,0.0201733,,UNKNOWN,7.54,caad7489f6d7-sujo,UNKNOWN,UNKNOWN,ganho_marginal/pool40/val40/criterio,UNKNOWN,2026-10-06T20:22:40+00:00,7.54,,300
297676f56460dff7,ganho_marginal,UNKNOWN,schisto,UNKNOWN,UNKNOWN,al,regiao|contorno_sorteado|contorno|ent=0.371231|lc=0.374973|fg=0.924290|pm=0.386463|k=150-150-144-144|000300#100003,contorno_sorteado,labeled_marker,FLIM_lm,2,3,8,000006|000300|000399,sintetico,0.387704,0.308643,0.222847,0.0199311,,UNKNOWN,6.04,caad7489f6d7-sujo,UNKNOWN,UNKNOWN,ganho_marginal/pool40/val40/criterio,UNKNOWN,2026-10-06T20:22:43+00:00,6.04,,300
726a9de9125fb0af,ganho_marginal,UNKNOWN,schisto,UNKNOWN,UNKNOWN,al,regiao|contorno_sorteado|contorno|ent=0.371231|lc=0.374973|fg=0.924290|pm=0.386463|k=150-150-144-144|000300#100003,contorno_sorteado,decoder_2,FLIM_pb,2,3,8,000006|000300|000399,sintetico,0.535297,0.544662,0.420947,0.0305441,,UNKNOWN,6.04,caad7489f6d7-sujo,UNKNOWN,UNKNOWN,ganho_marginal/pool40/val40/criterio,UNKNOWN,2026-10-06T20:22:43+00:00,6.04,,300
a4c7f819c4fff108,ganho_marginal,UNKNOWN,schisto,UNKNOWN,UNKNOWN,al,regiao|contorno_sorteado|contorno|ent=0.601733|lc=0.702103|fg=1.000000|pm=0.489403|k=150-150-147-147|000399#100001,contorno_sorteado,labeled_marker,FLIM_lm,2,3,8,000006|000300|000399,sintetico,0.449322,0.366622,0.270063,0.0190877,,UNKNOWN,5.83,caad7489f6d7-sujo,UNKNOWN,UNKNOWN,ganho_marginal/pool40/val40/criterio,UNKNOWN,2026-10-06T20:23:28+00:00,5.83,,300
69ef7c389d4eba55,ganho_marginal,UNKNOWN,schisto,UNKNOWN,UNKNOWN,al,regiao|contorno_sorteado|contorno|ent=0.601733|lc=0.702103|fg=1.000000|pm=0.489403|k=150-150-147-147|000399#100001,contorno_sorteado,decoder_2,FLIM_pb,2,3,8,000006|000300|000399,sintetico,0.56378,0.571845,0.445343,0.0277653,,UNKNOWN,5.83,caad7489f6d7-sujo,UNKNOWN,UNKNOWN,ganho_marginal/pool40/val40/criterio,UNKNOWN,2026-10-06T20:23:28+00:00,5.83,,300
3d1236fbe196d578,ganho_marginal,UNKNOWN,schisto,UNKNOWN,UNKNOWN,al,regiao|argmax_prob|objeto|ent=0.495231|lc=0.463919|fg=1.000000|pm=0.746213|k=200-157-147-147|000523#83,argmax_prob,labeled_marker,FLIM_lm,2,3,4,000407|000523|000132,sintetico,0.526163,0.486064,0.368869,0.0246555,,UNKNOWN,6.8,caad7489f6d7-sujo,UNKNOWN,UNKNOWN,ganho_marginal/pool40/val40/criterio,UNKNOWN,2026-10-06T20:23:29+00:00,6.8,,300
ef1833ff5f3cbf6f,ganho_marginal,UNKNOWN,schisto,UNKNOWN,UNKNOWN,al,regiao|argmax_prob|objeto|ent=0.495231|lc=0.463919|fg=1.000000|pm=0.746213|k=200-157-147-147|000523#83,argmax_prob,decoder_2,FLIM_pb,2,3,4,000407|000523|000132,sintetico,0.516809,0.502233,0.385244,0.0276975,,UNKNOWN,6.8,caad7489f6d7-sujo,UNKNOWN,UNKNOWN,ganho_marginal/pool40/val40/criterio,UNKNOWN,2026-10-06T20:23:29+00:00,6.8,,300
dcdd896f5f2eeb49,ganho_marginal,UNKNOWN,schisto,UNKNOWN,UNKNOWN,al,regiao|contorno_sorteado|contorno|ent=0.630564|lc=0.690194|fg=1.000000|pm=0.432181|k=150-150-147-147|000399#100002,contorno_sorteado,labeled_marker,FLIM_lm,2,3,8,000006|000300|000399,sintetico,0.455899,0.37441,0.277344,0.0188855,,UNKNOWN,5.32,caad7489f6d7-sujo,UNKNOWN,UNKNOWN,ganho_marginal/pool40/val40/criterio,UNKNOWN,2026-10-06T20:24:13+00:00,5.32,,300
4fccc992e84db545,ganho_marginal,UNKNOWN,schisto,UNKNOWN,UNKNOWN,al,regiao|contorno_sorteado|contorno|ent=0.630564|lc=0.690194|fg=1.000000|pm=0.432181|k=150-150-147-147|000399#100002,contorno_sorteado,decoder_2,FLIM_pb,2,3,8,000006|000300|000399,sintetico,0.558436,0.567464,0.439878,0.0279903,,UNKNOWN,5.32,caad7489f6d7-sujo,UNKNOWN,UNKNOWN,ganho_marginal/pool40/val40/criterio,UNKNOWN,2026-10-06T20:24:13+00:00,5.32,,300
b36c0acec2033665,ganho_marginal,UNKNOWN,schisto,UNKNOWN,UNKNOWN,al,regiao|sorteado|objeto|ent=0.446891|lc=0.411922|fg=1.000000|pm=0.640618|k=200-157-150-150|000407#72,sorteado,labeled_marker,FLIM_lm,2,3,4,000407|000523|000132,sintetico,0.59224,0.544907,0.422448,0.0217114,,UNKNOWN,6.9,caad7489f6d7-sujo,UNKNOWN,UNKNOWN,ganho_marginal/pool40/val40/criterio,UNKNOWN,2026-10-06T20:24:19+00:00,6.9,,300
447dee0829203f02,ganho_marginal,UNKNOWN,schisto,UNKNOWN,UNKNOWN,al,regiao|sorteado|objeto|ent=0.446891|lc=0.411922|fg=1.000000|pm=0.640618|k=200-157-150-150|000407#72,sorteado,decoder_2,FLIM_pb,2,3,4,000407|000523|000132,sintetico,0.572541,0.549007,0.427398,0.0239014,,UNKNOWN,6.9,caad7489f6d7-sujo,UNKNOWN,UNKNOWN,ganho_marginal/pool40/val40/criterio,UNKNOWN,2026-10-06T20:24:19+00:00,6.9,,300
daa1c03e60bc24ca,ganho_marginal,UNKNOWN,schisto,UNKNOWN,UNKNOWN,al,regiao|contorno_sorteado|contorno|ent=0.438153|lc=0.468043|fg=0.000000|pm=0.405014|k=153-153-147-147|000399#100003,contorno_sorteado,labeled_marker,FLIM_lm,2,3,8,000006|000300|000399,sintetico,0.332904,0.26533,0.191184,0.0206777,,UNKNOWN,6.25,caad7489f6d7-sujo,UNKNOWN,UNKNOWN,ganho_marginal/pool40/val40/criterio,UNKNOWN,2026-10-06T20:24:59+00:00,6.25,,300
727abafe8be7b95c,ganho_marginal,UNKNOWN,schisto,UNKNOWN,UNKNOWN,al,regiao|contorno_sorteado|contorno|ent=0.438153|lc=0.468043|fg=0.000000|pm=0.405014|k=153-153-147-147|000399#100003,contorno_sorteado,decoder_2,FLIM_pb,2,3,8,000006|000300|000399,sintetico,0.497768,0.517069,0.394905,0.0322836,,UNKNOWN,6.25,caad7489f6d7-sujo,UNKNOWN,UNKNOWN,ganho_marginal/pool40/val40/criterio,UNKNOWN,2026-10-06T20:24:59+00:00,6.25,,300
d968b6111fc8e209,ganho_marginal,UNKNOWN,schisto,UNKNOWN,UNKNOWN,al,regiao|sorteado|objeto|ent=0.012018|lc=0.008679|fg=0.086029|pm=0.004340|k=200-171-153-153|000407#93,sorteado,labeled_marker,FLIM_lm,2,3,4,000407|000523|000132,sintetico,0.537169,0.508056,0.390917,0.0246284,,UNKNOWN,7.65,caad7489f6d7-sujo,UNKNOWN,UNKNOWN,ganho_marginal/pool40/val40/criterio,UNKNOWN,2026-10-06T20:25:12+00:00,7.65,,300
31e226220e91ce42,ganho_marginal,UNKNOWN,schisto,UNKNOWN,UNKNOWN,al,regiao|sorteado|objeto|ent=0.012018|lc=0.008679|fg=0.086029|pm=0.004340|k=200-171-153-153|000407#93,sorteado,decoder_2,FLIM_pb,2,3,4,000407|000523|000132,sintetico,0.386437,0.416163,0.293836,0.043622,,UNKNOWN,7.65,caad7489f6d7-sujo,UNKNOWN,UNKNOWN,ganho_marginal/pool40/val40/criterio,UNKNOWN,2026-10-06T20:25:12+00:00,7.65,,300
0d7e3cd358061f01,ganho_marginal,UNKNOWN,schisto,UNKNOWN,UNKNOWN,al,regiao|argmax_ent_contorno|contorno|ent=0.630564|lc=0.690194|fg=1.000000|pm=0.432181|k=150-150-147-147|000399#100002,argmax_ent_contorno,labeled_marker,FLIM_lm,2,3,8,000006|000300|000399,sintetico,0.455622,0.374022,0.276934,0.0188952,,UNKNOWN,6.4,caad7489f6d7-sujo,UNKNOWN,UNKNOWN,ganho_marginal/pool40/val40/criterio,UNKNOWN,2026-10-06T20:25:43+00:00,6.4,,300
73e3c02afba2f589,ganho_marginal,UNKNOWN,schisto,UNKNOWN,UNKNOWN,al,regiao|argmax_ent_contorno|contorno|ent=0.630564|lc=0.690194|fg=1.000000|pm=0.432181|k=150-150-147-147|000399#100002,argmax_ent_contorno,decoder_2,FLIM_pb,2,3,8,000006|000300|000399,sintetico,0.558378,0.567393,0.43982,0.0279914,,UNKNOWN,6.4,caad7489f6d7-sujo,UNKNOWN,UNKNOWN,ganho_marginal/pool40/val40/criterio,UNKNOWN,2026-10-06T20:25:44+00:00,6.4,,300
6c4cc0d03b94106d,ganho_marginal,UNKNOWN,schisto,UNKNOWN,UNKNOWN,al,regiao|sorteado|objeto|ent=0.000015|lc=0.000002|fg=0.002149|pm=0.000001|k=200-183-156-156|000407#54,sorteado,labeled_marker,FLIM_lm,2,3,4,000407|000523|000132,sintetico,0.575767,0.507872,0.397223,0.0195702,,UNKNOWN,7.61,caad7489f6d7-sujo,UNKNOWN,UNKNOWN,ganho_marginal/pool40/val40/criterio,UNKNOWN,2026-10-06T20:26:06+00:00,7.61,,300
7da306d87140dada,ganho_marginal,UNKNOWN,schisto,UNKNOWN,UNKNOWN,al,regiao|sorteado|objeto|ent=0.000015|lc=0.000002|fg=0.002149|pm=0.000001|k=200-183-156-156|000407#54,sorteado,decoder_2,FLIM_pb,2,3,4,000407|000523|000132,sintetico,0.436707,0.48042,0.342327,0.0433542,,UNKNOWN,7.61,caad7489f6d7-sujo,UNKNOWN,UNKNOWN,ganho_marginal/pool40/val40/criterio,UNKNOWN,2026-10-06T20:26:06+00:00,7.61,,300
d654faa9a09704be,ganho_marginal,UNKNOWN,schisto,UNKNOWN,UNKNOWN,flim,base|k=156-153-138-138,base,labeled_marker,FLIM_lm,2,3,9,000186|000370|000019,sintetico,0.218487,0.167125,0.117036,0.0224838,,UNKNOWN,6.24,caad7489f6d7-sujo,UNKNOWN,UNKNOWN,ganho_marginal/pool40/val40/criterio,UNKNOWN,2026-10-06T20:26:29+00:00,6.24,,0
1e338ece5bc42d18,ganho_marginal,UNKNOWN,schisto,UNKNOWN,UNKNOWN,flim,base|k=156-153-138-138,base,decoder_2,FLIM_pb,2,3,9,000186|000370|000019,sintetico,0.668421,0.635022,0.494639,0.0193313,,UNKNOWN,6.24,caad7489f6d7-sujo,UNKNOWN,UNKNOWN,ganho_marginal/pool40/val40/criterio,UNKNOWN,2026-10-06T20:26:29+00:00,6.24,,0
3001df8389fab584,ganho_marginal,UNKNOWN,schisto,UNKNOWN,UNKNOWN,al,regiao|sorteado|objeto|ent=0.495231|lc=0.463919|fg=1.000000|pm=0.746213|k=200-156-147-147|000523#83,sorteado,labeled_marker,FLIM_lm,2,3,4,000407|000523|000132,sintetico,0.529505,0.485176,0.367476,0.024225,,UNKNOWN,7.44,caad7489f6d7-sujo,UNKNOWN,UNKNOWN,ganho_marginal/pool40/val40/criterio,UNKNOWN,2026-10-06T20:26:56+00:00,7.44,,300
8b64f88d8c27d5e4,ganho_marginal,UNKNOWN,schisto,UNKNOWN,UNKNOWN,al,regiao|sorteado|objeto|ent=0.495231|lc=0.463919|fg=1.000000|pm=0.746213|k=200-156-147-147|000523#83,sorteado,decoder_2,FLIM_pb,2,3,4,000407|000523|000132,sintetico,0.513306,0.499948,0.38237,0.0277867,,UNKNOWN,7.44,caad7489f6d7-sujo,UNKNOWN,UNKNOWN,ganho_marginal/pool40/val40/criterio,UNKNOWN,2026-10-06T20:26:56+00:00,7.44,,300
784cea7df0831f3e,ganho_marginal,UNKNOWN,schisto,UNKNOWN,UNKNOWN,al,regiao|argmax_entropia|objeto|ent=0.486249|lc=0.491433|fg=1.000000|pm=0.543667|k=200-154-135-135|000019#96,argmax_entropia,labeled_marker,FLIM_lm,2,3,9,000186|000370|000019,sintetico,0.686117,0.600287,0.474076,0.0159708,,UNKNOWN,7.48,caad7489f6d7-sujo,UNKNOWN,UNKNOWN,ganho_marginal/pool40/val40/criterio,UNKNOWN,2026-10-06T20:27:22+00:00,7.48,,300
2f0e669776de4865,ganho_marginal,UNKNOWN,schisto,UNKNOWN,UNKNOWN,al,regiao|argmax_entropia|objeto|ent=0.486249|lc=0.491433|fg=1.000000|pm=0.543667|k=200-154-135-135|000019#96,argmax_entropia,decoder_2,FLIM_pb,2,3,9,000186|000370|000019,sintetico,0.646255,0.595241,0.471347,0.018532,,UNKNOWN,7.48,caad7489f6d7-sujo,UNKNOWN,UNKNOWN,ganho_marginal/pool40/val40/criterio,UNKNOWN,2026-10-06T20:27:22+00:00,7.48,,300
4ce262c0aa9c176a,ganho_marginal,UNKNOWN,schisto,UNKNOWN,UNKNOWN,al,regiao|sorteado|fundo|ent=0.000015|lc=0.000002|fg=0.000000|pm=0.000001|k=200-173-156-156|000407#50,sorteado,labeled_marker,FLIM_lm,2,3,4,000407|000523|000132,sintetico,0.213242,0.167033,0.118203,0.0233594,,UNKNOWN,7.91,caad7489f6d7-sujo,UNKNOWN,UNKNOWN,ganho_marginal/pool40/val40/criterio,UNKNOWN,2026-10-06T20:27:49+00:00,7.91,,300
5794459aef75fcae,ganho_marginal,UNKNOWN,schisto,UNKNOWN,UNKNOWN,al,regiao|sorteado|fundo|ent=0.000015|lc=0.000002|fg=0.000000|pm=0.000001|k=200-173-156-156|000407#50,sorteado,decoder_2,FLIM_pb,2,3,4,000407|000523|000132,sintetico,0.598691,0.583567,0.477278,0.0200839,,UNKNOWN,7.91,caad7489f6d7-sujo,UNKNOWN,UNKNOWN,ganho_marginal/pool40/val40/criterio,UNKNOWN,2026-10-06T20:27:49+00:00,7.91,,300
6dde1f85e9c0b70a,ganho_marginal,UNKNOWN,schisto,UNKNOWN,UNKNOWN,al,regiao|argmax_lc|objeto|ent=0.486249|lc=0.491433|fg=1.000000|pm=0.543667|k=200-158-135-135|000019#96,argmax_lc,labeled_marker,FLIM_lm,2,3,9,000186|000370|000019,sintetico,0.683228,0.603081,0.478691,0.0161217,,UNKNOWN,7.2,caad7489f6d7-sujo,UNKNOWN,UNKNOWN,ganho_marginal/pool40/val40/criterio,UNKNOWN,2026-10-06T20:28:11+00:00,7.2,,300
44f8995d705ced4d,ganho_marginal,UNKNOWN,schisto,UNKNOWN,UNKNOWN,al,regiao|argmax_lc|objeto|ent=0.486249|lc=0.491433|fg=1.000000|pm=0.543667|k=200-158-135-135|000019#96,argmax_lc,decoder_2,FLIM_pb,2,3,9,000186|000370|000019,sintetico,0.646041,0.595436,0.471583,0.0185683,,UNKNOWN,7.2,caad7489f6d7-sujo,UNKNOWN,UNKNOWN,ganho_marginal/pool40/val40/criterio,UNKNOWN,2026-10-06T20:28:12+00:00,7.2,,300
84cc9c16bd9d8869,ganho_marginal,UNKNOWN,schisto,UNKNOWN,UNKNOWN,al,regiao|sorteado|fundo|ent=0.000015|lc=0.000002|fg=0.000000|pm=0.000001|k=200-167-156-156|000407#63,sorteado,labeled_marker,FLIM_lm,2,3,4,000407|000523|000132,sintetico,0.225293,0.168485,0.115873,0.0223741,,UNKNOWN,8.3,caad7489f6d7-sujo,UNKNOWN,UNKNOWN,ganho_marginal/pool40/val40/criterio,UNKNOWN,2026-10-06T20:28:42+00:00,8.3,,300
7dec14bd484dc336,ganho_marginal,UNKNOWN,schisto,UNKNOWN,UNKNOWN,al,regiao|sorteado|fundo|ent=0.000015|lc=0.000002|fg=0.000000|pm=0.000001|k=200-167-156-156|000407#63,sorteado,decoder_2,FLIM_pb,2,3,4,000407|000523|000132,sintetico,0.606303,0.552614,0.436981,0.0179852,,UNKNOWN,8.3,caad7489f6d7-sujo,UNKNOWN,UNKNOWN,ganho_marginal/pool40/val40/criterio,UNKNOWN,2026-10-06T20:28:42+00:00,8.3,,300
7d3ed87fa8ba4acb,ganho_marginal,UNKNOWN,schisto,UNKNOWN,UNKNOWN,al,regiao|argmax_prob|objeto|ent=0.486249|lc=0.491433|fg=1.000000|pm=0.543667|k=200-153-135-135|000019#96,argmax_prob,labeled_marker,FLIM_lm,2,3,9,000186|000370|000019,sintetico,0.677646,0.593372,0.466649,0.0163378,,UNKNOWN,7.11,caad7489f6d7-sujo,UNKNOWN,UNKNOWN,ganho_marginal/pool40/val40/criterio,UNKNOWN,2026-10-06T20:29:00+00:00,7.11,,300
dbbaa528aaeb4dc9,ganho_marginal,UNKNOWN,schisto,UNKNOWN,UNKNOWN,al,regiao|argmax_prob|objeto|ent=0.486249|lc=0.491433|fg=1.000000|pm=0.543667|k=200-153-135-135|000019#96,argmax_prob,decoder_2,FLIM_pb,2,3,9,000186|000370|000019,sintetico,0.652865,0.595024,0.471542,0.0182456,,UNKNOWN,7.11,caad7489f6d7-sujo,UNKNOWN,UNKNOWN,ganho_marginal/pool40/val40/criterio,UNKNOWN,2026-10-06T20:29:00+00:00,7.11,,300
d5684698674d35ca,ganho_marginal,UNKNOWN,schisto,UNKNOWN,UNKNOWN,al,regiao|sorteado|fundo|ent=0.000015|lc=0.000002|fg=0.000000|pm=0.000001|k=200-170-156-156|000523#30,sorteado,labeled_marker,FLIM_lm,2,3,4,000407|000523|000132,sintetico,0.394927,0.349428,0.262887,0.0264353,,UNKNOWN,8.1,caad7489f6d7-sujo,UNKNOWN,UNKNOWN,ganho_marginal/pool40/val40/criterio,UNKNOWN,2026-10-06T20:29:36+00:00,8.1,,300
ccfbd3bdeefc75c8,ganho_marginal,UNKNOWN,schisto,UNKNOWN,UNKNOWN,al,regiao|sorteado|fundo|ent=0.000015|lc=0.000002|fg=0.000000|pm=0.000001|k=200-170-156-156|000523#30,sorteado,decoder_2,FLIM_pb,2,3,4,000407|000523|000132,sintetico,0.525768,0.542106,0.39481,0.0354198,,UNKNOWN,8.1,caad7489f6d7-sujo,UNKNOWN,UNKNOWN,ganho_marginal/pool40/val40/criterio,UNKNOWN,2026-10-06T20:29:36+00:00,8.1,,300
401f635a4c811b9d,ganho_marginal,UNKNOWN,schisto,UNKNOWN,UNKNOWN,al,regiao|sorteado|objeto|ent=0.000015|lc=0.000002|fg=0.005113|pm=0.000001|k=200-175-141-141|000019#115,sorteado,labeled_marker,FLIM_lm,2,3,9,000186|000370|000019,sintetico,0.0460848,0.0321265,0.0206718,0.0248939,,UNKNOWN,7.55,caad7489f6d7-sujo,UNKNOWN,UNKNOWN,ganho_marginal/pool40/val40/criterio,UNKNOWN,2026-10-06T20:29:53+00:00,7.55,,300
e805abaf7369a62d,ganho_marginal,UNKNOWN,schisto,UNKNOWN,UNKNOWN,al,regiao|sorteado|objeto|ent=0.000015|lc=0.000002|fg=0.005113|pm=0.000001|k=200-175-141-141|000019#115,sorteado,decoder_2,FLIM_pb,2,3,9,000186|000370|000019,sintetico,0.650635,0.647037,0.506803,0.0214511,,UNKNOWN,7.55,caad7489f6d7-sujo,UNKNOWN,UNKNOWN,ganho_marginal/pool40/val40/criterio,UNKNOWN,2026-10-06T20:29:53+00:00,7.55,,300
aa27e1e9ae9a70dd,ganho_marginal,UNKNOWN,schisto,UNKNOWN,UNKNOWN,al,regiao|sorteado|fundo|ent=0.000015|lc=0.000002|fg=0.000000|pm=0.000001|k=200-170-156-156|000407#33,sorteado,labeled_marker,FLIM_lm,2,3,4,000407|000523|000132,sintetico,0.520245,0.410234,0.295013,0.0185769,,UNKNOWN,8.03,caad7489f6d7-sujo,UNKNOWN,UNKNOWN,ganho_marginal/pool40/val40/criterio,UNKNOWN,2026-10-06T20:30:29+00:00,8.03,,300
b60d371299fd913e,ganho_marginal,UNKNOWN,schisto,UNKNOWN,UNKNOWN,al,regiao|sorteado|fundo|ent=0.000015|lc=0.000002|fg=0.000000|pm=0.000001|k=200-170-156-156|000407#33,sorteado,decoder_2,FLIM_pb,2,3,4,000407|000523|000132,sintetico,0.619888,0.59582,0.502864,0.0173969,,UNKNOWN,8.03,caad7489f6d7-sujo,UNKNOWN,UNKNOWN,ganho_marginal/pool40/val40/criterio,UNKNOWN,2026-10-06T20:30:29+00:00,8.03,,300
12bc800d939bd7fd,ganho_marginal,UNKNOWN,schisto,UNKNOWN,UNKNOWN,al,regiao|sorteado|objeto|ent=0.000015|lc=0.000002|fg=0.502861|pm=0.000001|k=200-156-141-141|000370#55,sorteado,labeled_marker,FLIM_lm,2,3,9,000186|000370|000019,sintetico,0.683201,0.601529,0.469035,0.0154191,,UNKNOWN,7.35,caad7489f6d7-sujo,UNKNOWN,UNKNOWN,ganho_marginal/pool40/val40/criterio,UNKNOWN,2026-10-06T20:30:42+00:00,7.35,,300
da372c27fe16cefd,ganho_marginal,UNKNOWN,schisto,UNKNOWN,UNKNOWN,al,regiao|sorteado|objeto|ent=0.000015|lc=0.000002|fg=0.502861|pm=0.000001|k=200-156-141-141|000370#55,sorteado,decoder_2,FLIM_pb,2,3,9,000186|000370|000019,sintetico,0.448198,0.471135,0.33502,0.0395238,,UNKNOWN,7.35,caad7489f6d7-sujo,UNKNOWN,UNKNOWN,ganho_marginal/pool40/val40/criterio,UNKNOWN,2026-10-06T20:30:43+00:00,7.35,,300
c1602f7cd236f8cc,ganho_marginal,UNKNOWN,schisto,UNKNOWN,UNKNOWN,al,regiao|contorno_sorteado|contorno|ent=0.535586|lc=0.603674|fg=0.000000|pm=0.458166|k=171-165-156-156|000407#100009,contorno_sorteado,labeled_marker,FLIM_lm,2,3,4,000407|000523|000132,sintetico,0.613732,0.536488,0.417447,0.0176944,,UNKNOWN,7.24,caad7489f6d7-sujo,UNKNOWN,UNKNOWN,ganho_marginal/pool40/val40/criterio,UNKNOWN,2026-10-06T20:31:19+00:00,7.24,,169
2496c9ac06ba44e3,ganho_marginal,UNKNOWN,schisto,UNKNOWN,UNKNOWN,al,regiao|contorno_sorteado|contorno|ent=0.535586|lc=0.603674|fg=0.000000|pm=0.458166|k=171-165-156-156|000407#100009,contorno_sorteado,decoder_2,FLIM_pb,2,3,4,000407|000523|000132,sintetico,0.552555,0.549349,0.431683,0.0256375,,UNKNOWN,7.24,caad7489f6d7-sujo,UNKNOWN,UNKNOWN,ganho_marginal/pool40/val40/criterio,UNKNOWN,2026-10-06T20:31:19+00:00,7.24,,169
5530689e428517c5,ganho_marginal,UNKNOWN,schisto,UNKNOWN,UNKNOWN,al,regiao|sorteado|objeto|ent=0.000015|lc=0.000002|fg=0.024625|pm=0.000001|k=200-161-141-141|000186#65,sorteado,labeled_marker,FLIM_lm,2,3,9,000186|000370|000019,sintetico,0,0,0,0.0253377,,UNKNOWN,7.3,caad7489f6d7-sujo,UNKNOWN,UNKNOWN,ganho_marginal/pool40/val40/criterio,UNKNOWN,2026-10-06T20:31:33+00:00,7.3,,300
4995dcc194168df7,ganho_marginal,UNKNOWN,schisto,UNKNOWN,UNKNOWN,al,regiao|sorteado|objeto|ent=0.000015|lc=0.000002|fg=0.024625|pm=0.000001|k=200-161-141-141|000186#65,sorteado,decoder_2,FLIM_pb,2,3,9,000186|000370|000019,sintetico,0.654337,0.637879,0.490783,0.0203269,,UNKNOWN,7.3,caad7489f6d7-sujo,UNKNOWN,UNKNOWN,ganho_marginal/pool40/val40/criterio,UNKNOWN,2026-10-06T20:31:33+00:00,7.3,,300
6521eadb37df891a,ganho_marginal,UNKNOWN,schisto,UNKNOWN,UNKNOWN,al,regiao|contorno_sorteado|contorno|ent=0.460399|lc=0.448244|fg=0.880126|pm=0.538361|k=171-165-153-153|000407#100001,contorno_sorteado,labeled_marker,FLIM_lm,2,3,4,000407|000523|000132,sintetico,0.623432,0.555615,0.438821,0.0180747,,UNKNOWN,7.17,caad7489f6d7-sujo,UNKNOWN,UNKNOWN,ganho_marginal/pool40/val40/criterio,UNKNOWN,2026-10-06T20:32:10+00:00,7.17,,300
5a86f8224dcdd666,ganho_marginal,UNKNOWN,schisto,UNKNOWN,UNKNOWN,al,regiao|contorno_sorteado|contorno|ent=0.460399|lc=0.448244|fg=0.880126|pm=0.538361|k=171-165-153-153|000407#100001,contorno_sorteado,decoder_2,FLIM_pb,2,3,4,000407|000523|000132,sintetico,0.566491,0.56111,0.443485,0.0248173,,UNKNOWN,7.17,caad7489f6d7-sujo,UNKNOWN,UNKNOWN,ganho_marginal/pool40/val40/criterio,UNKNOWN,2026-10-06T20:32:10+00:00,7.17,,300
95dcd2aa3611847c,ganho_marginal,UNKNOWN,schisto,UNKNOWN,UNKNOWN,al,regiao|sorteado|objeto|ent=0.000015|lc=0.000002|fg=0.049169|pm=0.000001|k=200-169-141-141|000019#81,sorteado,labeled_marker,FLIM_lm,2,3,9,000186|000370|000019,sintetico,0,0,0,0.0253377,,UNKNOWN,7.35,caad7489f6d7-sujo,UNKNOWN,UNKNOWN,ganho_marginal/pool40/val40/criterio,UNKNOWN,2026-10-06T20:32:24+00:00,7.35,,300
f60d7fe94d49aa5f,ganho_marginal,UNKNOWN,schisto,UNKNOWN,UNKNOWN,al,regiao|sorteado|objeto|ent=0.000015|lc=0.000002|fg=0.049169|pm=0.000001|k=200-169-141-141|000019#81,sorteado,decoder_2,FLIM_pb,2,3,9,000186|000370|000019,sintetico,0.714166,0.675209,0.537726,0.0158344,,UNKNOWN,7.35,caad7489f6d7-sujo,UNKNOWN,UNKNOWN,ganho_marginal/pool40/val40/criterio,UNKNOWN,2026-10-06T20:32:24+00:00,7.35,,300
21746f8419e59f0f,ganho_marginal,UNKNOWN,schisto,UNKNOWN,UNKNOWN,al,regiao|contorno_sorteado|contorno|ent=0.666393|lc=0.823801|fg=0.000000|pm=0.419518|k=171-165-156-156|000523#100003,contorno_sorteado,labeled_marker,FLIM_lm,2,3,4,000407|000523|000132,sintetico,0.617721,0.532956,0.417981,0.0172342,,UNKNOWN,7.21,caad7489f6d7-sujo,UNKNOWN,UNKNOWN,ganho_marginal/pool40/val40/criterio,UNKNOWN,2026-10-06T20:33:00+00:00,7.21,,245
62eae9fad6d9c12f,ganho_marginal,UNKNOWN,schisto,UNKNOWN,UNKNOWN,al,regiao|contorno_sorteado|contorno|ent=0.666393|lc=0.823801|fg=0.000000|pm=0.419518|k=171-165-156-156|000523#100003,contorno_sorteado,decoder_2,FLIM_pb,2,3,4,000407|000523|000132,sintetico,0.583191,0.57068,0.453026,0.023023,,UNKNOWN,7.21,caad7489f6d7-sujo,UNKNOWN,UNKNOWN,ganho_marginal/pool40/val40/criterio,UNKNOWN,2026-10-06T20:33:00+00:00,7.21,,245
4335a20b8b459c44,ganho_marginal,UNKNOWN,schisto,UNKNOWN,UNKNOWN,al,regiao|sorteado|fundo|ent=0.000015|lc=0.000002|fg=0.000000|pm=0.000001|k=200-159-141-141|000370#77,sorteado,labeled_marker,FLIM_lm,2,3,9,000186|000370|000019,sintetico,0.246462,0.191245,0.133584,0.0220459,,UNKNOWN,7.14,caad7489f6d7-sujo,UNKNOWN,UNKNOWN,ganho_marginal/pool40/val40/criterio,UNKNOWN,2026-10-06T20:33:13+00:00,7.14,,300
cc6256d3bcaf06d0,ganho_marginal,UNKNOWN,schisto,UNKNOWN,UNKNOWN,al,regiao|sorteado|fundo|ent=0.000015|lc=0.000002|fg=0.000000|pm=0.000001|k=200-159-141-141|000370#77,sorteado,decoder_2,FLIM_pb,2,3,9,000186|000370|000019,sintetico,0.640257,0.619797,0.475409,0.0216142,,UNKNOWN,7.14,caad7489f6d7-sujo,UNKNOWN,UNKNOWN,ganho_marginal/pool40/val40/criterio,UNKNOWN,2026-10-06T20:33:13+00:00,7.14,,300
825f9e70bdd15116,ganho_marginal,UNKNOWN,schisto,UNKNOWN,UNKNOWN,al,regiao|contorno_sorteado|contorno|ent=0.465035|lc=0.478332|fg=0.946372|pm=0.438184|k=168-162-153-153|000132#100006,contorno_sorteado,labeled_marker,FLIM_lm,2,3,4,000407|000523|000132,sintetico,0.618275,0.544114,0.426239,0.0180486,,UNKNOWN,6.92,caad7489f6d7-sujo,UNKNOWN,UNKNOWN,ganho_marginal/pool40/val40/criterio,UNKNOWN,2026-10-06T20:33:50+00:00,6.92,,300
7b06a1c3c86c4f50,ganho_marginal,UNKNOWN,schisto,UNKNOWN,UNKNOWN,al,regiao|contorno_sorteado|contorno|ent=0.465035|lc=0.478332|fg=0.946372|pm=0.438184|k=168-162-153-153|000132#100006,contorno_sorteado,decoder_2,FLIM_pb,2,3,4,000407|000523|000132,sintetico,0.530628,0.535618,0.414782,0.0273208,,UNKNOWN,6.92,caad7489f6d7-sujo,UNKNOWN,UNKNOWN,ganho_marginal/pool40/val40/criterio,UNKNOWN,2026-10-06T20:33:50+00:00,6.92,,300
9bd9176204ce4799,ganho_marginal,UNKNOWN,schisto,UNKNOWN,UNKNOWN,al,regiao|sorteado|fundo|ent=0.000015|lc=0.000002|fg=0.000000|pm=0.000001|k=200-159-141-141|000019#45,sorteado,labeled_marker,FLIM_lm,2,3,9,000186|000370|000019,sintetico,0,0,0,0.0253377,,UNKNOWN,7.29,caad7489f6d7-sujo,UNKNOWN,UNKNOWN,ganho_marginal/pool40/val40/criterio,UNKNOWN,2026-10-06T20:34:02+00:00,7.29,,300
2dca13b181d1d4ae,ganho_marginal,UNKNOWN,schisto,UNKNOWN,UNKNOWN,al,regiao|sorteado|fundo|ent=0.000015|lc=0.000002|fg=0.000000|pm=0.000001|k=200-159-141-141|000019#45,sorteado,decoder_2,FLIM_pb,2,3,9,000186|000370|000019,sintetico,0.437078,0.381747,0.290613,0.0226919,,UNKNOWN,7.29,caad7489f6d7-sujo,UNKNOWN,UNKNOWN,ganho_marginal/pool40/val40/criterio,UNKNOWN,2026-10-06T20:34:02+00:00,7.29,,300
6bea87363eff01ba,ganho_marginal,UNKNOWN,schisto,UNKNOWN,UNKNOWN,al,regiao|contorno_sorteado|contorno|ent=0.690044|lc=0.934371|fg=0.000000|pm=0.493559|k=171-165-156-156|000132#100004,contorno_sorteado,labeled_marker,FLIM_lm,2,3,4,000407|000523|000132,sintetico,0.63284,0.542218,0.422181,0.0172934,,UNKNOWN,7.23,caad7489f6d7-sujo,UNKNOWN,UNKNOWN,ganho_marginal/pool40/val40/criterio,UNKNOWN,2026-10-06T20:34:40+00:00,7.23,,300
1648bc19b8809b30,ganho_marginal,UNKNOWN,schisto,UNKNOWN,UNKNOWN,al,regiao|contorno_sorteado|contorno|ent=0.690044|lc=0.934371|fg=0.000000|pm=0.493559|k=171-165-156-156|000132#100004,contorno_sorteado,decoder_2,FLIM_pb,2,3,4,000407|000523|000132,sintetico,0.65286,0.622114,0.508973,0.0189627,,UNKNOWN,7.23,caad7489f6d7-sujo,UNKNOWN,UNKNOWN,ganho_marginal/pool40/val40/criterio,UNKNOWN,2026-10-06T20:34:40+00:00,7.23,,300
3ac86fcb4e182313,ganho_marginal,UNKNOWN,schisto,UNKNOWN,UNKNOWN,al,regiao|sorteado|fundo|ent=0.000015|lc=0.000002|fg=0.000000|pm=0.000001|k=200-154-138-138|000019#66,sorteado,labeled_marker,FLIM_lm,2,3,9,000186|000370|000019,sintetico,0.353455,0.283259,0.206018,0.0202814,,UNKNOWN,7.05,caad7489f6d7-sujo,UNKNOWN,UNKNOWN,ganho_marginal/pool40/val40/criterio,UNKNOWN,2026-10-06T20:34:51+00:00,7.05,,300
c47be374fc58e278,ganho_marginal,UNKNOWN,schisto,UNKNOWN,UNKNOWN,al,regiao|sorteado|fundo|ent=0.000015|lc=0.000002|fg=0.000000|pm=0.000001|k=200-154-138-138|000019#66,sorteado,decoder_2,FLIM_pb,2,3,9,000186|000370|000019,sintetico,0.692005,0.651806,0.508818,0.0177108,,UNKNOWN,7.05,caad7489f6d7-sujo,UNKNOWN,UNKNOWN,ganho_marginal/pool40/val40/criterio,UNKNOWN,2026-10-06T20:34:51+00:00,7.05,,300
2f9b188383e365a5,ganho_marginal,UNKNOWN,schisto,UNKNOWN,UNKNOWN,al,regiao|contorno_sorteado|contorno|ent=0.418813|lc=0.407880|fg=1.000000|pm=0.419190|k=168-162-150-150|000407#100004,contorno_sorteado,labeled_marker,FLIM_lm,2,3,4,000407|000523|000132,sintetico,0.610839,0.543062,0.425135,0.01855,,UNKNOWN,6.98,caad7489f6d7-sujo,UNKNOWN,UNKNOWN,ganho_marginal/pool40/val40/criterio,UNKNOWN,2026-10-06T20:35:29+00:00,6.98,,300
be6e120850220cc0,ganho_marginal,UNKNOWN,schisto,UNKNOWN,UNKNOWN,al,regiao|contorno_sorteado|contorno|ent=0.418813|lc=0.407880|fg=1.000000|pm=0.419190|k=168-162-150-150|000407#100004,contorno_sorteado,decoder_2,FLIM_pb,2,3,4,000407|000523|000132,sintetico,0.523767,0.531414,0.408938,0.0278095,,UNKNOWN,6.98,caad7489f6d7-sujo,UNKNOWN,UNKNOWN,ganho_marginal/pool40/val40/criterio,UNKNOWN,2026-10-06T20:35:29+00:00,6.98,,300
a312604bdc099822,ganho_marginal,UNKNOWN,schisto,UNKNOWN,UNKNOWN,al,regiao|sorteado|fundo|ent=0.000015|lc=0.000002|fg=0.000000|pm=0.000001|k=200-153-138-138|000370#63,sorteado,labeled_marker,FLIM_lm,2,3,9,000186|000370|000019,sintetico,0,0,0,0.0253377,,UNKNOWN,7.03,caad7489f6d7-sujo,UNKNOWN,UNKNOWN,ganho_marginal/pool40/val40/criterio,UNKNOWN,2026-10-06T20:35:39+00:00,7.03,,300
09bedf32c7881746,ganho_marginal,UNKNOWN,schisto,UNKNOWN,UNKNOWN,al,regiao|sorteado|fundo|ent=0.000015|lc=0.000002|fg=0.000000|pm=0.000001|k=200-153-138-138|000370#63,sorteado,decoder_2,FLIM_pb,2,3,9,000186|000370|000019,sintetico,0.518699,0.452028,0.333285,0.0213592,,UNKNOWN,7.03,caad7489f6d7-sujo,UNKNOWN,UNKNOWN,ganho_marginal/pool40/val40/criterio,UNKNOWN,2026-10-06T20:35:39+00:00,7.03,,300
37a5497adca85f08,ganho_marginal,UNKNOWN,schisto,UNKNOWN,UNKNOWN,al,regiao|contorno_sorteado|contorno|ent=0.364634|lc=0.345025|fg=0.993691|pm=0.445530|k=168-162-153-153|000132#100000,contorno_sorteado,labeled_marker,FLIM_lm,2,3,4,000407|000523|000132,sintetico,0.611378,0.542195,0.423666,0.0183933,,UNKNOWN,6.9,caad7489f6d7-sujo,UNKNOWN,UNKNOWN,ganho_marginal/pool40/val40/criterio,UNKNOWN,2026-10-06T20:36:18+00:00,6.9,,300
4b20adfdfec5310a,ganho_marginal,UNKNOWN,schisto,UNKNOWN,UNKNOWN,al,regiao|contorno_sorteado|contorno|ent=0.364634|lc=0.345025|fg=0.993691|pm=0.445530|k=168-162-153-153|000132#100000,contorno_sorteado,decoder_2,FLIM_pb,2,3,4,000407|000523|000132,sintetico,0.519546,0.528333,0.404716,0.0279592,,UNKNOWN,6.9,caad7489f6d7-sujo,UNKNOWN,UNKNOWN,ganho_marginal/pool40/val40/criterio,UNKNOWN,2026-10-06T20:36:18+00:00,6.9,,300
a9399b665252814a,ganho_marginal,UNKNOWN,schisto,UNKNOWN,UNKNOWN,al,regiao|contorno_sorteado|contorno|ent=0.462234|lc=0.481784|fg=1.000000|pm=0.250050|k=156-150-135-135|000186#100001,contorno_sorteado,labeled_marker,FLIM_lm,2,3,9,000186|000370|000019,sintetico,0.21254,0.160046,0.110466,0.0226427,,UNKNOWN,5.74,caad7489f6d7-sujo,UNKNOWN,UNKNOWN,ganho_marginal/pool40/val40/criterio,UNKNOWN,2026-10-06T20:36:23+00:00,5.74,,300
d173b5d0b678910f,ganho_marginal,UNKNOWN,schisto,UNKNOWN,UNKNOWN,al,regiao|contorno_sorteado|contorno|ent=0.462234|lc=0.481784|fg=1.000000|pm=0.250050|k=156-150-135-135|000186#100001,contorno_sorteado,decoder_2,FLIM_pb,2,3,9,000186|000370|000019,sintetico,0.673061,0.648499,0.5068,0.0191706,,UNKNOWN,5.74,caad7489f6d7-sujo,UNKNOWN,UNKNOWN,ganho_marginal/pool40/val40/criterio,UNKNOWN,2026-10-06T20:36:23+00:00,5.74,,300
b4735ed2edd0036d,ganho_marginal,UNKNOWN,schisto,UNKNOWN,UNKNOWN,al,regiao|contorno_sorteado|contorno|ent=0.472971|lc=0.498520|fg=1.000000|pm=0.418663|k=168-159-153-153|000523#100006,contorno_sorteado,labeled_marker,FLIM_lm,2,3,4,000407|000523|000132,sintetico,0.63599,0.551406,0.432769,0.0171156,,UNKNOWN,6.05,caad7489f6d7-sujo,UNKNOWN,UNKNOWN,ganho_marginal/pool40/val40/criterio,UNKNOWN,2026-10-06T20:37:05+00:00,6.05,,300
785cce827c352fc0,ganho_marginal,UNKNOWN,schisto,UNKNOWN,UNKNOWN,al,regiao|contorno_sorteado|contorno|ent=0.472971|lc=0.498520|fg=1.000000|pm=0.418663|k=168-159-153-153|000523#100006,contorno_sorteado,decoder_2,FLIM_pb,2,3,4,000407|000523|000132,sintetico,0.566632,0.561862,0.443694,0.0248014,,UNKNOWN,6.05,caad7489f6d7-sujo,UNKNOWN,UNKNOWN,ganho_marginal/pool40/val40/criterio,UNKNOWN,2026-10-06T20:37:06+00:00,6.05,,300
4644179d42c35660,ganho_marginal,UNKNOWN,schisto,UNKNOWN,UNKNOWN,al,regiao|contorno_sorteado|contorno|ent=0.415256|lc=0.408226|fg=1.000000|pm=0.442178|k=159-156-141-141|000019#100003,contorno_sorteado,labeled_marker,FLIM_lm,2,3,9,000186|000370|000019,sintetico,0.515984,0.407935,0.294131,0.0181766,,UNKNOWN,6.17,caad7489f6d7-sujo,UNKNOWN,UNKNOWN,ganho_marginal/pool40/val40/criterio,UNKNOWN,2026-10-06T20:37:09+00:00,6.17,,300
bd67e8894ca02088,ganho_marginal,UNKNOWN,schisto,UNKNOWN,UNKNOWN,al,regiao|contorno_sorteado|contorno|ent=0.415256|lc=0.408226|fg=1.000000|pm=0.442178|k=159-156-141-141|000019#100003,contorno_sorteado,decoder_2,FLIM_pb,2,3,9,000186|000370|000019,sintetico,0.662061,0.644323,0.505226,0.0202048,,UNKNOWN,6.17,caad7489f6d7-sujo,UNKNOWN,UNKNOWN,ganho_marginal/pool40/val40/criterio,UNKNOWN,2026-10-06T20:37:09+00:00,6.17,,300
22b3e5e13f26a806,ganho_marginal,UNKNOWN,schisto,UNKNOWN,UNKNOWN,al,regiao|argmax_ent_contorno|contorno|ent=0.690044|lc=0.934371|fg=0.000000|pm=0.493559|k=171-165-156-156|000132#100004,argmax_ent_contorno,labeled_marker,FLIM_lm,2,3,4,000407|000523|000132,sintetico,0.632821,0.542191,0.422149,0.0172942,,UNKNOWN,6.53,caad7489f6d7-sujo,UNKNOWN,UNKNOWN,ganho_marginal/pool40/val40/criterio,UNKNOWN,2026-10-06T20:37:55+00:00,6.53,,300
c635e48394b4a62f,ganho_marginal,UNKNOWN,schisto,UNKNOWN,UNKNOWN,al,regiao|argmax_ent_contorno|contorno|ent=0.690044|lc=0.934371|fg=0.000000|pm=0.493559|k=171-165-156-156|000132#100004,argmax_ent_contorno,decoder_2,FLIM_pb,2,3,4,000407|000523|000132,sintetico,0.652825,0.622081,0.508949,0.0189642,,UNKNOWN,6.53,caad7489f6d7-sujo,UNKNOWN,UNKNOWN,ganho_marginal/pool40/val40/criterio,UNKNOWN,2026-10-06T20:37:55+00:00,6.53,,300
1f5d2d81c9ada543,ganho_marginal,UNKNOWN,schisto,UNKNOWN,UNKNOWN,al,regiao|contorno_sorteado|contorno|ent=0.534964|lc=0.545353|fg=1.000000|pm=0.559214|k=159-156-138-138|000019#100001,contorno_sorteado,labeled_marker,FLIM_lm,2,3,9,000186|000370|000019,sintetico,0.537818,0.426232,0.307998,0.0178323,,UNKNOWN,5.87,caad7489f6d7-sujo,UNKNOWN,UNKNOWN,ganho_marginal/pool40/val40/criterio,UNKNOWN,2026-10-06T20:37:55+00:00,5.87,,300
09e56c9a00aead18,ganho_marginal,UNKNOWN,schisto,UNKNOWN,UNKNOWN,al,regiao|contorno_sorteado|contorno|ent=0.534964|lc=0.545353|fg=1.000000|pm=0.559214|k=159-156-138-138|000019#100001,contorno_sorteado,decoder_2,FLIM_pb,2,3,9,000186|000370|000019,sintetico,0.661025,0.642045,0.502577,0.0201848,,UNKNOWN,5.87,caad7489f6d7-sujo,UNKNOWN,UNKNOWN,ganho_marginal/pool40/val40/criterio,UNKNOWN,2026-10-06T20:37:55+00:00,5.87,,300
653bc2c33ada8a7b,ganho_marginal,UNKNOWN,schisto,UNKNOWN,UNKNOWN,al,regiao|contorno_sorteado|contorno|ent=0.390540|lc=0.401432|fg=0.993691|pm=0.382371|k=156-153-138-138|000019#100002,contorno_sorteado,labeled_marker,FLIM_lm,2,3,9,000186|000370|000019,sintetico,0.222704,0.172263,0.121884,0.0223581,,UNKNOWN,4.52,caad7489f6d7-sujo,UNKNOWN,UNKNOWN,ganho_marginal/pool40/val40/criterio,UNKNOWN,2026-10-06T20:38:28+00:00,4.52,,300
8eadbb6455985ced,ganho_marginal,UNKNOWN,schisto,UNKNOWN,UNKNOWN,al,regiao|contorno_sorteado|contorno|ent=0.390540|lc=0.401432|fg=0.993691|pm=0.382371|k=156-153-138-138|000019#100002,contorno_sorteado,decoder_2,FLIM_pb,2,3,9,000186|000370|000019,sintetico,0.647774,0.633035,0.493038,0.0214481,,UNKNOWN,4.52,caad7489f6d7-sujo,UNKNOWN,UNKNOWN,ganho_marginal/pool40/val40/criterio,UNKNOWN,2026-10-06T20:38:28+00:00,4.52,,300
2c7a7de682ff74c3,ganho_marginal,UNKNOWN,schisto,UNKNOWN,UNKNOWN,al,regiao|contorno_sorteado|contorno|ent=0.353868|lc=0.366102|fg=1.000000|pm=0.307232|k=150-147-138-138|000370#100000,contorno_sorteado,labeled_marker,FLIM_lm,2,3,9,000186|000370|000019,sintetico,0.0167738,0.0121207,0.00799957,0.0251055,,UNKNOWN,4.04,caad7489f6d7-sujo,UNKNOWN,UNKNOWN,ganho_marginal/pool40/val40/criterio,UNKNOWN,2026-10-06T20:39:00+00:00,4.04,,300
f5cd2976c2ec877e,ganho_marginal,UNKNOWN,schisto,UNKNOWN,UNKNOWN,al,regiao|contorno_sorteado|contorno|ent=0.353868|lc=0.366102|fg=1.000000|pm=0.307232|k=150-147-138-138|000370#100000,contorno_sorteado,decoder_2,FLIM_pb,2,3,9,000186|000370|000019,sintetico,0.496819,0.466151,0.366877,0.0237503,,UNKNOWN,4.04,caad7489f6d7-sujo,UNKNOWN,UNKNOWN,ganho_marginal/pool40/val40/criterio,UNKNOWN,2026-10-06T20:39:00+00:00,4.04,,300
8b2383ef76bac4a9,ganho_marginal,UNKNOWN,schisto,UNKNOWN,UNKNOWN,al,regiao|contorno_sorteado|contorno|ent=0.559559|lc=0.629873|fg=1.000000|pm=0.548949|k=159-153-138-138|000019#100004,contorno_sorteado,labeled_marker,FLIM_lm,2,3,9,000186|000370|000019,sintetico,0.349187,0.27602,0.19725,0.0204656,,UNKNOWN,4.18,caad7489f6d7-sujo,UNKNOWN,UNKNOWN,ganho_marginal/pool40/val40/criterio,UNKNOWN,2026-10-06T20:39:32+00:00,4.18,,300
64773f6b07dca1e8,ganho_marginal,UNKNOWN,schisto,UNKNOWN,UNKNOWN,al,regiao|contorno_sorteado|contorno|ent=0.559559|lc=0.629873|fg=1.000000|pm=0.548949|k=159-153-138-138|000019#100004,contorno_sorteado,decoder_2,FLIM_pb,2,3,9,000186|000370|000019,sintetico,0.671948,0.654409,0.516101,0.0195448,,UNKNOWN,4.18,caad7489f6d7-sujo,UNKNOWN,UNKNOWN,ganho_marginal/pool40/val40/criterio,UNKNOWN,2026-10-06T20:39:32+00:00,4.18,,300
865eb18e2862e32c,ganho_marginal,UNKNOWN,schisto,UNKNOWN,UNKNOWN,al,regiao|contorno_sorteado|contorno|ent=0.458565|lc=0.475034|fg=0.955836|pm=0.486804|k=156-153-138-138|000019#100000,contorno_sorteado,labeled_marker,FLIM_lm,2,3,9,000186|000370|000019,sintetico,0.219898,0.169039,0.11904,0.0224316,,UNKNOWN,4.09,caad7489f6d7-sujo,UNKNOWN,UNKNOWN,ganho_marginal/pool40/val40/criterio,UNKNOWN,2026-10-06T20:40:04+00:00,4.09,,300
fe3a2ebe85044d0c,ganho_marginal,UNKNOWN,schisto,UNKNOWN,UNKNOWN,al,regiao|contorno_sorteado|contorno|ent=0.458565|lc=0.475034|fg=0.955836|pm=0.486804|k=156-153-138-138|000019#100000,contorno_sorteado,decoder_2,FLIM_pb,2,3,9,000186|000370|000019,sintetico,0.669142,0.642991,0.502878,0.0198759,,UNKNOWN,4.09,caad7489f6d7-sujo,UNKNOWN,UNKNOWN,ganho_marginal/pool40/val40/criterio,UNKNOWN,2026-10-06T20:40:04+00:00,4.09,,300
aba9be2d5f3398ed,ganho_marginal,UNKNOWN,schisto,UNKNOWN,UNKNOWN,al,regiao|contorno_sorteado|contorno|ent=0.365777|lc=0.381027|fg=0.876972|pm=0.332128|k=156-153-138-138|000186#100002,contorno_sorteado,labeled_marker,FLIM_lm,2,3,9,000186|000370|000019,sintetico,0.194049,0.145968,0.100744,0.0228863,,UNKNOWN,4.09,caad7489f6d7-sujo,UNKNOWN,UNKNOWN,ganho_marginal/pool40/val40/criterio,UNKNOWN,2026-10-06T20:40:36+00:00,4.09,,300
7932b3a645223ee2,ganho_marginal,UNKNOWN,schisto,UNKNOWN,UNKNOWN,al,regiao|contorno_sorteado|contorno|ent=0.365777|lc=0.381027|fg=0.876972|pm=0.332128|k=156-153-138-138|000186#100002,contorno_sorteado,decoder_2,FLIM_pb,2,3,9,000186|000370|000019,sintetico,0.646868,0.623039,0.481043,0.0210458,,UNKNOWN,4.09,caad7489f6d7-sujo,UNKNOWN,UNKNOWN,ganho_marginal/pool40/val40/criterio,UNKNOWN,2026-10-06T20:40:36+00:00,4.09,,300
4a057f2c6c307655,ganho_marginal,UNKNOWN,schisto,UNKNOWN,UNKNOWN,al,regiao|argmax_ent_contorno|contorno|ent=0.559559|lc=0.629873|fg=1.000000|pm=0.548949|k=159-153-138-138|000019#100004,argmax_ent_contorno,labeled_marker,FLIM_lm,2,3,9,000186|000370|000019,sintetico,0.349032,0.275823,0.197056,0.0204703,,UNKNOWN,4.3,caad7489f6d7-sujo,UNKNOWN,UNKNOWN,ganho_marginal/pool40/val40/criterio,UNKNOWN,2026-10-06T20:41:08+00:00,4.3,,300
538d8303c144ee83,ganho_marginal,UNKNOWN,schisto,UNKNOWN,UNKNOWN,al,regiao|argmax_ent_contorno|contorno|ent=0.559559|lc=0.629873|fg=1.000000|pm=0.548949|k=159-153-138-138|000019#100004,argmax_ent_contorno,decoder_2,FLIM_pb,2,3,9,000186|000370|000019,sintetico,0.671996,0.654455,0.516139,0.0195375,,UNKNOWN,4.3,caad7489f6d7-sujo,UNKNOWN,UNKNOWN,ganho_marginal/pool40/val40/criterio,UNKNOWN,2026-10-06T20:41:08+00:00,4.3,,300
